DATE_TIME,SITE_ID,COSMOS_VWC
04/10/2013,CHIMN,34.5
05/10/2013,CHIMN,29.1
06/10/2013,CHIMN,30.7
07/10/2013,CHIMN,30.5
08/10/2013,CHIMN,31
09/10/2013,CHIMN,29.5
10/10/2013,CHIMN,29.3
11/10/2013,CHIMN,28.4
12/10/2013,CHIMN,30.7
13/10/2013,CHIMN,35.4
14/10/2013,CHIMN,38.8
15/10/2013,CHIMN,37.6
16/10/2013,CHIMN,34.7
17/10/2013,CHIMN,36.3
18/10/2013,CHIMN,36.5
19/10/2013,CHIMN,42.7
20/10/2013,CHIMN,39.2
21/10/2013,CHIMN,41
22/10/2013,CHIMN,41.5
23/10/2013,CHIMN,37.1
24/10/2013,CHIMN,42.2
25/10/2013,CHIMN,40.6
26/10/2013,CHIMN,37.8
27/10/2013,CHIMN,39.9
28/10/2013,CHIMN,40.6
29/10/2013,CHIMN,37.8
30/10/2013,CHIMN,39.1
31/10/2013,CHIMN,39.5
01/11/2013,CHIMN,41.6
02/11/2013,CHIMN,38.7
03/11/2013,CHIMN,37.5
04/11/2013,CHIMN,39.8
05/11/2013,CHIMN,39.2
06/11/2013,CHIMN,36.3
07/11/2013,CHIMN,40.6
08/11/2013,CHIMN,38.3
09/11/2013,CHIMN,39.8
10/11/2013,CHIMN,40.3
11/11/2013,CHIMN,41.8
12/11/2013,CHIMN,41.7
13/11/2013,CHIMN,39.6
14/11/2013,CHIMN,39
15/11/2013,CHIMN,37.1
16/11/2013,CHIMN,40
17/11/2013,CHIMN,42.4
18/11/2013,CHIMN,38.2
19/11/2013,CHIMN,38.6
20/11/2013,CHIMN,39.9
21/11/2013,CHIMN,40.2
22/11/2013,CHIMN,39.8
23/11/2013,CHIMN,42.1
24/11/2013,CHIMN,39.3
25/11/2013,CHIMN,38
26/11/2013,CHIMN,42
27/11/2013,CHIMN,39.1
28/11/2013,CHIMN,39.9
29/11/2013,CHIMN,37.5
30/11/2013,CHIMN,35.9
01/12/2013,CHIMN,37.7
02/12/2013,CHIMN,34
03/12/2013,CHIMN,35.9
04/12/2013,CHIMN,36.6
05/12/2013,CHIMN,36.1
06/12/2013,CHIMN,34.3
07/12/2013,CHIMN,35.3
08/12/2013,CHIMN,35.6
09/12/2013,CHIMN,36.7
10/12/2013,CHIMN,38.4
11/12/2013,CHIMN,34.8
12/12/2013,CHIMN,42
13/12/2013,CHIMN,40
14/12/2013,CHIMN,41.1
15/12/2013,CHIMN,39.2
16/12/2013,CHIMN,40.5
17/12/2013,CHIMN,39.9
18/12/2013,CHIMN,42.5
19/12/2013,CHIMN,38.9
20/12/2013,CHIMN,44.1
21/12/2013,CHIMN,43.5
22/12/2013,CHIMN,41.2
23/12/2013,CHIMN,44.9
24/12/2013,CHIMN,43.2
25/12/2013,CHIMN,41.6
26/12/2013,CHIMN,43.8
27/12/2013,CHIMN,45.3
28/12/2013,CHIMN,42.9
29/12/2013,CHIMN,41.6
30/12/2013,CHIMN,45.8
31/12/2013,CHIMN,46.8
01/01/2014,CHIMN,46.6
02/01/2014,CHIMN,46.5
03/01/2014,CHIMN,47.2
04/01/2014,CHIMN,46.1
05/01/2014,CHIMN,48.8
06/01/2014,CHIMN,53.3
07/01/2014,CHIMN,50.5
08/01/2014,CHIMN,50.4
09/01/2014,CHIMN,47.6
10/01/2014,CHIMN,44.8
11/01/2014,CHIMN,45
12/01/2014,CHIMN,45.5
13/01/2014,CHIMN,47
14/01/2014,CHIMN,48
15/01/2014,CHIMN,49.7
16/01/2014,CHIMN,47.3
17/01/2014,CHIMN,45.5
18/01/2014,CHIMN,45.4
19/01/2014,CHIMN,44.7
20/01/2014,CHIMN,44.3
21/01/2014,CHIMN,45.8
22/01/2014,CHIMN,44.1
23/01/2014,CHIMN,41.2
24/01/2014,CHIMN,45.3
25/01/2014,CHIMN,45.7
26/01/2014,CHIMN,42
27/01/2014,CHIMN,43.4
28/01/2014,CHIMN,44.2
29/01/2014,CHIMN,45
30/01/2014,CHIMN,42.1
31/01/2014,CHIMN,47
01/02/2014,CHIMN,45.1
02/02/2014,CHIMN,47.1
03/02/2014,CHIMN,39.3
04/02/2014,CHIMN,40.8
05/02/2014,CHIMN,45
06/02/2014,CHIMN,44.9
07/02/2014,CHIMN,47.9
08/02/2014,CHIMN,47.3
09/02/2014,CHIMN,47.1
10/02/2014,CHIMN,43.4
11/02/2014,CHIMN,43.6
12/02/2014,CHIMN,45.1
13/02/2014,CHIMN,45.1
14/02/2014,CHIMN,44
15/02/2014,CHIMN,46.2
16/02/2014,CHIMN,42.4
17/02/2014,CHIMN,43.5
18/02/2014,CHIMN,46.2
19/02/2014,CHIMN,48.6
20/02/2014,CHIMN,48.5
21/02/2014,CHIMN,44.1
22/02/2014,CHIMN,43.4
23/02/2014,CHIMN,45.2
24/02/2014,CHIMN,41
25/02/2014,CHIMN,42.6
26/02/2014,CHIMN,41.4
27/02/2014,CHIMN,43.2
28/02/2014,CHIMN,46.2
01/03/2014,CHIMN,46.5
02/03/2014,CHIMN,42.6
03/03/2014,CHIMN,44.7
04/03/2014,CHIMN,43.1
05/03/2014,CHIMN,43.7
06/03/2014,CHIMN,40.9
07/03/2014,CHIMN,41.6
08/03/2014,CHIMN,40.8
09/03/2014,CHIMN,41.7
10/03/2014,CHIMN,40.7
11/03/2014,CHIMN,41
12/03/2014,CHIMN,41.7
13/03/2014,CHIMN,40.6
14/03/2014,CHIMN,40.4
15/03/2014,CHIMN,40
16/03/2014,CHIMN,41.5
17/03/2014,CHIMN,36.8
18/03/2014,CHIMN,40.1
19/03/2014,CHIMN,39.9
20/03/2014,CHIMN,38.4
21/03/2014,CHIMN,42.3
22/03/2014,CHIMN,37.1
23/03/2014,CHIMN,40.1
24/03/2014,CHIMN,38.8
25/03/2014,CHIMN,42.6
26/03/2014,CHIMN,38.2
27/03/2014,CHIMN,38.7
28/03/2014,CHIMN,38.6
29/03/2014,CHIMN,42.7
30/03/2014,CHIMN,41.7
31/03/2014,CHIMN,41.4
01/04/2014,CHIMN,41.3
02/04/2014,CHIMN,40.8
03/04/2014,CHIMN,41.5
04/04/2014,CHIMN,42
05/04/2014,CHIMN,39.2
06/04/2014,CHIMN,40.4
07/04/2014,CHIMN,44.6
08/04/2014,CHIMN,40.2
09/04/2014,CHIMN,38.3
10/04/2014,CHIMN,43
11/04/2014,CHIMN,39.3
12/04/2014,CHIMN,38
13/04/2014,CHIMN,38.6
14/04/2014,CHIMN,36.4
15/04/2014,CHIMN,33.3
16/04/2014,CHIMN,33.6
17/04/2014,CHIMN,36
18/04/2014,CHIMN,31.8
19/04/2014,CHIMN,29.7
20/04/2014,CHIMN,32.7
21/04/2014,CHIMN,34.4
22/04/2014,CHIMN,39
23/04/2014,CHIMN,40.8
24/04/2014,CHIMN,40.7
25/04/2014,CHIMN,40.9
26/04/2014,CHIMN,42.7
27/04/2014,CHIMN,41.3
28/04/2014,CHIMN,40.5
29/04/2014,CHIMN,40.2
30/04/2014,CHIMN,42.6
01/05/2014,CHIMN,40.2
02/05/2014,CHIMN,41
03/05/2014,CHIMN,37.7
04/05/2014,CHIMN,37.2
05/05/2014,CHIMN,37.3
06/05/2014,CHIMN,39.1
07/05/2014,CHIMN,38.5
08/05/2014,CHIMN,40.6
09/05/2014,CHIMN,37.9
10/05/2014,CHIMN,37.6
11/05/2014,CHIMN,38.3
12/05/2014,CHIMN,36.7
13/05/2014,CHIMN,37.1
14/05/2014,CHIMN,37.2
15/05/2014,CHIMN,33.9
16/05/2014,CHIMN,36.8
17/05/2014,CHIMN,33.8
18/05/2014,CHIMN,31.9
19/05/2014,CHIMN,29
20/05/2014,CHIMN,30.5
21/05/2014,CHIMN,28.7
22/05/2014,CHIMN,35.7
23/05/2014,CHIMN,34.2
24/05/2014,CHIMN,38
25/05/2014,CHIMN,38.7
26/05/2014,CHIMN,39.8
27/05/2014,CHIMN,40.7
28/05/2014,CHIMN,42.5
29/05/2014,CHIMN,43.8
30/05/2014,CHIMN,43.7
31/05/2014,CHIMN,40.1
01/06/2014,CHIMN,38.4
02/06/2014,CHIMN,39.7
03/06/2014,CHIMN,37.6
04/06/2014,CHIMN,37.8
05/06/2014,CHIMN,40
06/06/2014,CHIMN,34.3
07/06/2014,CHIMN,39.7
08/06/2014,CHIMN,36
09/06/2014,CHIMN,34.9
10/06/2014,CHIMN,35.9
11/06/2014,CHIMN,34.3
12/06/2014,CHIMN,32.4
13/06/2014,CHIMN,30.5
14/06/2014,CHIMN,37.5
15/06/2014,CHIMN,35.8
16/06/2014,CHIMN,31.8
17/06/2014,CHIMN,34.6
18/06/2014,CHIMN,30.1
19/06/2014,CHIMN,30.7
20/06/2014,CHIMN,27.3
21/06/2014,CHIMN,27.3
22/06/2014,CHIMN,28.5
23/06/2014,CHIMN,26.9
24/06/2014,CHIMN,26.6
25/06/2014,CHIMN,24.4
26/06/2014,CHIMN,26.8
27/06/2014,CHIMN,26.9
28/06/2014,CHIMN,
29/06/2014,CHIMN,26.9
30/06/2014,CHIMN,26.1
01/07/2014,CHIMN,25.2
02/07/2014,CHIMN,24.3
03/07/2014,CHIMN,23.8
04/07/2014,CHIMN,23.6
05/07/2014,CHIMN,28.2
06/07/2014,CHIMN,25.6
07/07/2014,CHIMN,25.9
08/07/2014,CHIMN,26
09/07/2014,CHIMN,23.6
10/07/2014,CHIMN,23
11/07/2014,CHIMN,20.2
12/07/2014,CHIMN,24.2
13/07/2014,CHIMN,24.3
14/07/2014,CHIMN,22.1
15/07/2014,CHIMN,23.3
16/07/2014,CHIMN,
17/07/2014,CHIMN,
18/07/2014,CHIMN,
19/07/2014,CHIMN,
20/07/2014,CHIMN,
21/07/2014,CHIMN,
22/07/2014,CHIMN,
23/07/2014,CHIMN,
24/07/2014,CHIMN,
25/07/2014,CHIMN,
26/07/2014,CHIMN,
27/07/2014,CHIMN,
28/07/2014,CHIMN,
29/07/2014,CHIMN,
30/07/2014,CHIMN,
31/07/2014,CHIMN,
01/08/2014,CHIMN,
02/08/2014,CHIMN,
03/08/2014,CHIMN,
04/08/2014,CHIMN,
05/08/2014,CHIMN,
06/08/2014,CHIMN,
07/08/2014,CHIMN,
08/08/2014,CHIMN,
09/08/2014,CHIMN,
10/08/2014,CHIMN,
11/08/2014,CHIMN,
12/08/2014,CHIMN,
13/08/2014,CHIMN,
14/08/2014,CHIMN,
15/08/2014,CHIMN,
16/08/2014,CHIMN,
17/08/2014,CHIMN,
18/08/2014,CHIMN,
19/08/2014,CHIMN,
20/08/2014,CHIMN,
21/08/2014,CHIMN,
22/08/2014,CHIMN,
23/08/2014,CHIMN,
24/08/2014,CHIMN,
25/08/2014,CHIMN,
26/08/2014,CHIMN,
27/08/2014,CHIMN,
28/08/2014,CHIMN,
29/08/2014,CHIMN,
30/08/2014,CHIMN,
31/08/2014,CHIMN,
01/09/2014,CHIMN,
02/09/2014,CHIMN,
03/09/2014,CHIMN,
04/09/2014,CHIMN,
05/09/2014,CHIMN,
06/09/2014,CHIMN,29.2
07/09/2014,CHIMN,28.2
08/09/2014,CHIMN,26
09/09/2014,CHIMN,25.3
10/09/2014,CHIMN,24.6
11/09/2014,CHIMN,24.7
12/09/2014,CHIMN,24.7
13/09/2014,CHIMN,23.9
14/09/2014,CHIMN,23.5
15/09/2014,CHIMN,23.8
16/09/2014,CHIMN,24.8
17/09/2014,CHIMN,22.5
18/09/2014,CHIMN,24.1
19/09/2014,CHIMN,25
20/09/2014,CHIMN,24.5
21/09/2014,CHIMN,21.9
22/09/2014,CHIMN,21.4
23/09/2014,CHIMN,22.1
24/09/2014,CHIMN,24.5
25/09/2014,CHIMN,24.4
26/09/2014,CHIMN,22.6
27/09/2014,CHIMN,22.8
28/09/2014,CHIMN,22.9
29/09/2014,CHIMN,22.4
30/09/2014,CHIMN,21.1
01/10/2014,CHIMN,21.1
02/10/2014,CHIMN,21.7
03/10/2014,CHIMN,21.5
04/10/2014,CHIMN,22.8
05/10/2014,CHIMN,24.2
06/10/2014,CHIMN,26
07/10/2014,CHIMN,26.6
08/10/2014,CHIMN,28.1
09/10/2014,CHIMN,27.7
10/10/2014,CHIMN,27.7
11/10/2014,CHIMN,27.7
12/10/2014,CHIMN,28
13/10/2014,CHIMN,30.9
14/10/2014,CHIMN,34.7
15/10/2014,CHIMN,35.1
16/10/2014,CHIMN,35.6
17/10/2014,CHIMN,34.7
18/10/2014,CHIMN,34
19/10/2014,CHIMN,35.6
20/10/2014,CHIMN,34.5
21/10/2014,CHIMN,33.9
22/10/2014,CHIMN,31.3
23/10/2014,CHIMN,30.8
24/10/2014,CHIMN,35.2
25/10/2014,CHIMN,32.2
26/10/2014,CHIMN,33.3
27/10/2014,CHIMN,32.2
28/10/2014,CHIMN,33.9
29/10/2014,CHIMN,35.7
30/10/2014,CHIMN,35.5
31/10/2014,CHIMN,35.9
01/11/2014,CHIMN,33.7
02/11/2014,CHIMN,35.2
03/11/2014,CHIMN,30.7
04/11/2014,CHIMN,32.5
05/11/2014,CHIMN,34.1
06/11/2014,CHIMN,33.3
07/11/2014,CHIMN,34.9
08/11/2014,CHIMN,31.9
09/11/2014,CHIMN,33.3
10/11/2014,CHIMN,33.2
11/11/2014,CHIMN,33.8
12/11/2014,CHIMN,35.7
13/11/2014,CHIMN,35.5
14/11/2014,CHIMN,38.6
15/11/2014,CHIMN,37.9
16/11/2014,CHIMN,36.6
17/11/2014,CHIMN,38.4
18/11/2014,CHIMN,39.7
19/11/2014,CHIMN,38.9
20/11/2014,CHIMN,36.2
21/11/2014,CHIMN,40.1
22/11/2014,CHIMN,40.9
23/11/2014,CHIMN,39.5
24/11/2014,CHIMN,37.8
25/11/2014,CHIMN,36.2
26/11/2014,CHIMN,39.8
27/11/2014,CHIMN,36.8
28/11/2014,CHIMN,34.1
29/11/2014,CHIMN,33.8
30/11/2014,CHIMN,36
01/12/2014,CHIMN,36.6
02/12/2014,CHIMN,35.9
03/12/2014,CHIMN,36.1
04/12/2014,CHIMN,33.4
05/12/2014,CHIMN,34.6
06/12/2014,CHIMN,33
07/12/2014,CHIMN,34.9
08/12/2014,CHIMN,35.5
09/12/2014,CHIMN,34.8
10/12/2014,CHIMN,33.2
11/12/2014,CHIMN,34.9
12/12/2014,CHIMN,36.4
13/12/2014,CHIMN,35.6
14/12/2014,CHIMN,38
15/12/2014,CHIMN,36.5
16/12/2014,CHIMN,39.1
17/12/2014,CHIMN,39
18/12/2014,CHIMN,37.9
19/12/2014,CHIMN,37.1
20/12/2014,CHIMN,37.4
21/12/2014,CHIMN,35.6
22/12/2014,CHIMN,32.9
23/12/2014,CHIMN,36.8
24/12/2014,CHIMN,35.1
25/12/2014,CHIMN,34.2
26/12/2014,CHIMN,35.9
27/12/2014,CHIMN,35.8
28/12/2014,CHIMN,37.5
29/12/2014,CHIMN,34.9
30/12/2014,CHIMN,34.1
31/12/2014,CHIMN,38.4
01/01/2015,CHIMN,38.8
02/01/2015,CHIMN,37.4
03/01/2015,CHIMN,37.9
04/01/2015,CHIMN,35.4
05/01/2015,CHIMN,37.6
06/01/2015,CHIMN,37.3
07/01/2015,CHIMN,38.3
08/01/2015,CHIMN,38.7
09/01/2015,CHIMN,37.4
10/01/2015,CHIMN,33.8
11/01/2015,CHIMN,33
12/01/2015,CHIMN,38.2
13/01/2015,CHIMN,39.7
14/01/2015,CHIMN,37.9
15/01/2015,CHIMN,39.3
16/01/2015,CHIMN,38
17/01/2015,CHIMN,37.9
18/01/2015,CHIMN,38.9
19/01/2015,CHIMN,37.6
20/01/2015,CHIMN,40.5
21/01/2015,CHIMN,37.4
22/01/2015,CHIMN,39
23/01/2015,CHIMN,39.4
24/01/2015,CHIMN,40.5
25/01/2015,CHIMN,39.6
26/01/2015,CHIMN,37.6
27/01/2015,CHIMN,36.2
28/01/2015,CHIMN,36.4
29/01/2015,CHIMN,36.2
30/01/2015,CHIMN,37.1
31/01/2015,CHIMN,39.7
01/02/2015,CHIMN,36.7
02/02/2015,CHIMN,36.6
03/02/2015,CHIMN,36.6
04/02/2015,CHIMN,37.5
05/02/2015,CHIMN,37.9
06/02/2015,CHIMN,36.7
07/02/2015,CHIMN,35.9
08/02/2015,CHIMN,38.7
09/02/2015,CHIMN,36.2
10/02/2015,CHIMN,37.4
11/02/2015,CHIMN,39.2
12/02/2015,CHIMN,35.9
13/02/2015,CHIMN,38
14/02/2015,CHIMN,40.1
15/02/2015,CHIMN,38.2
16/02/2015,CHIMN,39.3
17/02/2015,CHIMN,40.4
18/02/2015,CHIMN,39.3
19/02/2015,CHIMN,38.4
20/02/2015,CHIMN,37.2
21/02/2015,CHIMN,40.1
22/02/2015,CHIMN,40.8
23/02/2015,CHIMN,42.8
24/02/2015,CHIMN,37.8
25/02/2015,CHIMN,41.2
26/02/2015,CHIMN,42.1
27/02/2015,CHIMN,38.5
28/02/2015,CHIMN,39.2
01/03/2015,CHIMN,37.7
02/03/2015,CHIMN,37.4
03/03/2015,CHIMN,36.2
04/03/2015,CHIMN,36
05/03/2015,CHIMN,35.8
06/03/2015,CHIMN,36.2
07/03/2015,CHIMN,35.9
08/03/2015,CHIMN,38.5
09/03/2015,CHIMN,40.5
10/03/2015,CHIMN,36.5
11/03/2015,CHIMN,35
12/03/2015,CHIMN,36.6
13/03/2015,CHIMN,37.1
14/03/2015,CHIMN,38.1
15/03/2015,CHIMN,34.6
16/03/2015,CHIMN,38.3
17/03/2015,CHIMN,37.2
18/03/2015,CHIMN,39.7
19/03/2015,CHIMN,39.1
20/03/2015,CHIMN,38.7
21/03/2015,CHIMN,39.9
22/03/2015,CHIMN,35
23/03/2015,CHIMN,38.1
24/03/2015,CHIMN,37.3
25/03/2015,CHIMN,36.5
26/03/2015,CHIMN,38.9
27/03/2015,CHIMN,36.5
28/03/2015,CHIMN,39.1
29/03/2015,CHIMN,37.9
30/03/2015,CHIMN,33.8
31/03/2015,CHIMN,35.3
01/04/2015,CHIMN,33.8
02/04/2015,CHIMN,36
03/04/2015,CHIMN,41.5
04/04/2015,CHIMN,37.9
05/04/2015,CHIMN,38.4
06/04/2015,CHIMN,37.9
07/04/2015,CHIMN,40.4
08/04/2015,CHIMN,35.9
09/04/2015,CHIMN,39.1
10/04/2015,CHIMN,36.4
11/04/2015,CHIMN,35.1
12/04/2015,CHIMN,35.5
13/04/2015,CHIMN,35.5
14/04/2015,CHIMN,33.4
15/04/2015,CHIMN,33.2
16/04/2015,CHIMN,29.8
17/04/2015,CHIMN,30.7
18/04/2015,CHIMN,29.2
19/04/2015,CHIMN,28.6
20/04/2015,CHIMN,28.9
21/04/2015,CHIMN,27.8
22/04/2015,CHIMN,27.4
23/04/2015,CHIMN,25.7
24/04/2015,CHIMN,26.7
25/04/2015,CHIMN,27.9
26/04/2015,CHIMN,30.4
27/04/2015,CHIMN,29.9
28/04/2015,CHIMN,28.9
29/04/2015,CHIMN,31.9
30/04/2015,CHIMN,29.8
01/05/2015,CHIMN,26
02/05/2015,CHIMN,27.4
03/05/2015,CHIMN,32
04/05/2015,CHIMN,34.4
05/05/2015,CHIMN,35
06/05/2015,CHIMN,37.7
07/05/2015,CHIMN,34.8
08/05/2015,CHIMN,32.5
09/05/2015,CHIMN,33.4
10/05/2015,CHIMN,34.8
11/05/2015,CHIMN,35
12/05/2015,CHIMN,32.3
13/05/2015,CHIMN,29.1
14/05/2015,CHIMN,32.7
15/05/2015,CHIMN,38.2
16/05/2015,CHIMN,36.8
17/05/2015,CHIMN,32.4
18/05/2015,CHIMN,36.5
19/05/2015,CHIMN,34.4
20/05/2015,CHIMN,36.5
21/05/2015,CHIMN,35.4
22/05/2015,CHIMN,34.4
23/05/2015,CHIMN,35.4
24/05/2015,CHIMN,33.1
25/05/2015,CHIMN,30.9
26/05/2015,CHIMN,28.6
27/05/2015,CHIMN,31.3
28/05/2015,CHIMN,29.6
29/05/2015,CHIMN,29.1
30/05/2015,CHIMN,29.1
31/05/2015,CHIMN,31.2
01/06/2015,CHIMN,28.8
02/06/2015,CHIMN,31.9
03/06/2015,CHIMN,29.6
04/06/2015,CHIMN,27.9
05/06/2015,CHIMN,29.2
06/06/2015,CHIMN,25.5
07/06/2015,CHIMN,24.9
08/06/2015,CHIMN,26.7
09/06/2015,CHIMN,25
10/06/2015,CHIMN,25.8
11/06/2015,CHIMN,25.5
12/06/2015,CHIMN,24.6
13/06/2015,CHIMN,25.3
14/06/2015,CHIMN,26.1
15/06/2015,CHIMN,24.5
16/06/2015,CHIMN,25.5
17/06/2015,CHIMN,25.9
18/06/2015,CHIMN,24.3
19/06/2015,CHIMN,22.1
20/06/2015,CHIMN,23
21/06/2015,CHIMN,24.2
22/06/2015,CHIMN,23.8
23/06/2015,CHIMN,21.1
24/06/2015,CHIMN,20.7
25/06/2015,CHIMN,21.7
26/06/2015,CHIMN,21.2
27/06/2015,CHIMN,24.8
28/06/2015,CHIMN,22.5
29/06/2015,CHIMN,23.4
30/06/2015,CHIMN,21.2
01/07/2015,CHIMN,23.1
02/07/2015,CHIMN,21.5
03/07/2015,CHIMN,22.5
04/07/2015,CHIMN,21.8
05/07/2015,CHIMN,22.4
06/07/2015,CHIMN,23.1
07/07/2015,CHIMN,22.4
08/07/2015,CHIMN,21.4
09/07/2015,CHIMN,21.3
10/07/2015,CHIMN,20.5
11/07/2015,CHIMN,20.7
12/07/2015,CHIMN,21.7
13/07/2015,CHIMN,21.7
14/07/2015,CHIMN,20.7
15/07/2015,CHIMN,21.3
16/07/2015,CHIMN,21.5
17/07/2015,CHIMN,19.4
18/07/2015,CHIMN,19.2
19/07/2015,CHIMN,18.9
20/07/2015,CHIMN,19
21/07/2015,CHIMN,20.2
22/07/2015,CHIMN,18
23/07/2015,CHIMN,18.6
24/07/2015,CHIMN,24
25/07/2015,CHIMN,31.5
26/07/2015,CHIMN,32.8
27/07/2015,CHIMN,34.5
28/07/2015,CHIMN,32.3
29/07/2015,CHIMN,31
30/07/2015,CHIMN,29.7
31/07/2015,CHIMN,29.5
01/08/2015,CHIMN,27.1
02/08/2015,CHIMN,26.8
03/08/2015,CHIMN,26.2
04/08/2015,CHIMN,26.6
05/08/2015,CHIMN,24.1
06/08/2015,CHIMN,23.8
07/08/2015,CHIMN,25.2
08/08/2015,CHIMN,24.6
09/08/2015,CHIMN,21.2
10/08/2015,CHIMN,22.2
11/08/2015,CHIMN,23
12/08/2015,CHIMN,22.4
13/08/2015,CHIMN,21.7
14/08/2015,CHIMN,29.2
15/08/2015,CHIMN,27.6
16/08/2015,CHIMN,26.1
17/08/2015,CHIMN,24.1
18/08/2015,CHIMN,22.8
19/08/2015,CHIMN,24.7
20/08/2015,CHIMN,28.9
21/08/2015,CHIMN,28.4
22/08/2015,CHIMN,25.1
23/08/2015,CHIMN,26.9
24/08/2015,CHIMN,28.6
25/08/2015,CHIMN,33.1
26/08/2015,CHIMN,32.8
27/08/2015,CHIMN,31.3
28/08/2015,CHIMN,30.5
29/08/2015,CHIMN,30.7
30/08/2015,CHIMN,27.7
31/08/2015,CHIMN,32.4
01/09/2015,CHIMN,34.9
02/09/2015,CHIMN,30.7
03/09/2015,CHIMN,30.4
04/09/2015,CHIMN,30.4
05/09/2015,CHIMN,27.7
06/09/2015,CHIMN,26.4
07/09/2015,CHIMN,27.4
08/09/2015,CHIMN,27.9
09/09/2015,CHIMN,27.3
10/09/2015,CHIMN,24.3
11/09/2015,CHIMN,24.4
12/09/2015,CHIMN,23.3
13/09/2015,CHIMN,22
14/09/2015,CHIMN,27.3
15/09/2015,CHIMN,26.6
16/09/2015,CHIMN,27
17/09/2015,CHIMN,32.1
18/09/2015,CHIMN,32
19/09/2015,CHIMN,31.9
20/09/2015,CHIMN,31.6
21/09/2015,CHIMN,31.4
22/09/2015,CHIMN,33.3
23/09/2015,CHIMN,33.8
24/09/2015,CHIMN,32.5
25/09/2015,CHIMN,33.4
26/09/2015,CHIMN,31.7
27/09/2015,CHIMN,34.5
28/09/2015,CHIMN,30.1
29/09/2015,CHIMN,30.3
30/09/2015,CHIMN,28
01/10/2015,CHIMN,27.3
02/10/2015,CHIMN,25.5
03/10/2015,CHIMN,25.5
04/10/2015,CHIMN,25.5
05/10/2015,CHIMN,30.5
06/10/2015,CHIMN,37.5
07/10/2015,CHIMN,36
08/10/2015,CHIMN,33.3
09/10/2015,CHIMN,36.8
10/10/2015,CHIMN,34.8
11/10/2015,CHIMN,32.7
12/10/2015,CHIMN,32.2
13/10/2015,CHIMN,31.8
14/10/2015,CHIMN,32.7
15/10/2015,CHIMN,32
16/10/2015,CHIMN,32.2
17/10/2015,CHIMN,31.1
18/10/2015,CHIMN,30.8
19/10/2015,CHIMN,31.1
20/10/2015,CHIMN,31
21/10/2015,CHIMN,37.4
22/10/2015,CHIMN,34.9
23/10/2015,CHIMN,33.1
24/10/2015,CHIMN,33.8
25/10/2015,CHIMN,35.5
26/10/2015,CHIMN,35.8
27/10/2015,CHIMN,33.8
28/10/2015,CHIMN,35.7
29/10/2015,CHIMN,34.8
30/10/2015,CHIMN,37.7
31/10/2015,CHIMN,35.7
01/11/2015,CHIMN,37
02/11/2015,CHIMN,32.7
03/11/2015,CHIMN,36
04/11/2015,CHIMN,38.6
05/11/2015,CHIMN,41.1
06/11/2015,CHIMN,41.5
07/11/2015,CHIMN,40
08/11/2015,CHIMN,36.7
09/11/2015,CHIMN,38.9
10/11/2015,CHIMN,39.6
11/11/2015,CHIMN,37
12/11/2015,CHIMN,35.1
13/11/2015,CHIMN,37.8
14/11/2015,CHIMN,39.5
15/11/2015,CHIMN,39.6
16/11/2015,CHIMN,39.6
17/11/2015,CHIMN,40.7
18/11/2015,CHIMN,37.7
19/11/2015,CHIMN,39.4
20/11/2015,CHIMN,35.5
21/11/2015,CHIMN,36.4
22/11/2015,CHIMN,38.2
23/11/2015,CHIMN,38.8
24/11/2015,CHIMN,40.8
25/11/2015,CHIMN,39.2
26/11/2015,CHIMN,38.4
27/11/2015,CHIMN,41.5
28/11/2015,CHIMN,38.4
29/11/2015,CHIMN,37.8
30/11/2015,CHIMN,37.2
01/12/2015,CHIMN,38.2
02/12/2015,CHIMN,39.3
03/12/2015,CHIMN,41.6
04/12/2015,CHIMN,38.6
05/12/2015,CHIMN,36.9
06/12/2015,CHIMN,38.7
07/12/2015,CHIMN,38.6
08/12/2015,CHIMN,38.5
09/12/2015,CHIMN,37.7
10/12/2015,CHIMN,37.5
11/12/2015,CHIMN,38.7
12/12/2015,CHIMN,41.3
13/12/2015,CHIMN,42.6
14/12/2015,CHIMN,41
15/12/2015,CHIMN,39.8
16/12/2015,CHIMN,38.1
17/12/2015,CHIMN,37.7
18/12/2015,CHIMN,36.2
19/12/2015,CHIMN,39.5
20/12/2015,CHIMN,38.4
21/12/2015,CHIMN,40.2
22/12/2015,CHIMN,44
23/12/2015,CHIMN,41.8
24/12/2015,CHIMN,39.9
25/12/2015,CHIMN,41.6
26/12/2015,CHIMN,41.8
27/12/2015,CHIMN,42.4
28/12/2015,CHIMN,37.4
29/12/2015,CHIMN,41.5
30/12/2015,CHIMN,40.4
31/12/2015,CHIMN,41
01/01/2016,CHIMN,41.3
02/01/2016,CHIMN,40.5
03/01/2016,CHIMN,40.9
04/01/2016,CHIMN,41.7
05/01/2016,CHIMN,43.6
06/01/2016,CHIMN,42
07/01/2016,CHIMN,41.1
08/01/2016,CHIMN,39.8
09/01/2016,CHIMN,42.8
10/01/2016,CHIMN,42.2
11/01/2016,CHIMN,45.4
12/01/2016,CHIMN,42.3
13/01/2016,CHIMN,43.4
14/01/2016,CHIMN,41.1
15/01/2016,CHIMN,40.1
16/01/2016,CHIMN,39.5
17/01/2016,CHIMN,41.4
18/01/2016,CHIMN,42.1
19/01/2016,CHIMN,38.8
20/01/2016,CHIMN,43.2
21/01/2016,CHIMN,43.2
22/01/2016,CHIMN,43.2
23/01/2016,CHIMN,39.4
24/01/2016,CHIMN,42.5
25/01/2016,CHIMN,42.4
26/01/2016,CHIMN,41.3
27/01/2016,CHIMN,44.7
28/01/2016,CHIMN,40.2
29/01/2016,CHIMN,43.2
30/01/2016,CHIMN,40.8
31/01/2016,CHIMN,39.5
01/02/2016,CHIMN,40.8
02/02/2016,CHIMN,38.9
03/02/2016,CHIMN,39.9
04/02/2016,CHIMN,39.8
05/02/2016,CHIMN,38.6
06/02/2016,CHIMN,43.7
07/02/2016,CHIMN,40
08/02/2016,CHIMN,44.3
09/02/2016,CHIMN,41.6
10/02/2016,CHIMN,45.3
11/02/2016,CHIMN,45.7
12/02/2016,CHIMN,43.2
13/02/2016,CHIMN,41.3
14/02/2016,CHIMN,40.4
15/02/2016,CHIMN,42.3
16/02/2016,CHIMN,42.6
17/02/2016,CHIMN,46.5
18/02/2016,CHIMN,42.9
19/02/2016,CHIMN,42.8
20/02/2016,CHIMN,41
21/02/2016,CHIMN,42.3
22/02/2016,CHIMN,39.5
23/02/2016,CHIMN,40.9
24/02/2016,CHIMN,39.5
25/02/2016,CHIMN,38.1
26/02/2016,CHIMN,40.5
27/02/2016,CHIMN,37.2
28/02/2016,CHIMN,35.8
29/02/2016,CHIMN,36.9
01/03/2016,CHIMN,38.9
02/03/2016,CHIMN,39.9
03/03/2016,CHIMN,38.4
04/03/2016,CHIMN,38.8
05/03/2016,CHIMN,41.5
06/03/2016,CHIMN,41.7
07/03/2016,CHIMN,42
08/03/2016,CHIMN,42.9
09/03/2016,CHIMN,47.1
10/03/2016,CHIMN,43.2
11/03/2016,CHIMN,43.2
12/03/2016,CHIMN,42.5
13/03/2016,CHIMN,40
14/03/2016,CHIMN,38.1
15/03/2016,CHIMN,39.3
16/03/2016,CHIMN,35.7
17/03/2016,CHIMN,40.2
18/03/2016,CHIMN,39.4
19/03/2016,CHIMN,40.4
20/03/2016,CHIMN,39.8
21/03/2016,CHIMN,40.6
22/03/2016,CHIMN,39.2
23/03/2016,CHIMN,38.6
24/03/2016,CHIMN,40
25/03/2016,CHIMN,38.4
26/03/2016,CHIMN,38.4
27/03/2016,CHIMN,40.8
28/03/2016,CHIMN,43.3
29/03/2016,CHIMN,40.7
30/03/2016,CHIMN,42.5
31/03/2016,CHIMN,40.4
01/04/2016,CHIMN,38.8
02/04/2016,CHIMN,40.3
03/04/2016,CHIMN,37.9
04/04/2016,CHIMN,40.5
05/04/2016,CHIMN,42.1
06/04/2016,CHIMN,44.3
07/04/2016,CHIMN,43
08/04/2016,CHIMN,40.8
09/04/2016,CHIMN,45.2
10/04/2016,CHIMN,40.8
11/04/2016,CHIMN,44.3
12/04/2016,CHIMN,45
13/04/2016,CHIMN,40.5
14/04/2016,CHIMN,39
15/04/2016,CHIMN,44.7
16/04/2016,CHIMN,41
17/04/2016,CHIMN,40.4
18/04/2016,CHIMN,40.6
19/04/2016,CHIMN,44.4
20/04/2016,CHIMN,37.6
21/04/2016,CHIMN,35.8
22/04/2016,CHIMN,37.7
23/04/2016,CHIMN,36.1
24/04/2016,CHIMN,39.6
25/04/2016,CHIMN,36.6
26/04/2016,CHIMN,38.4
27/04/2016,CHIMN,36.8
28/04/2016,CHIMN,43.1
29/04/2016,CHIMN,39.8
30/04/2016,CHIMN,40.2
01/05/2016,CHIMN,38.4
02/05/2016,CHIMN,40.2
03/05/2016,CHIMN,36
04/05/2016,CHIMN,38.6
05/05/2016,CHIMN,35.3
06/05/2016,CHIMN,36.5
07/05/2016,CHIMN,32.3
08/05/2016,CHIMN,33.4
09/05/2016,CHIMN,33.3
10/05/2016,CHIMN,36.5
11/05/2016,CHIMN,44.5
12/05/2016,CHIMN,41.4
13/05/2016,CHIMN,38.1
14/05/2016,CHIMN,32.8
15/05/2016,CHIMN,33
16/05/2016,CHIMN,36
17/05/2016,CHIMN,33.4
18/05/2016,CHIMN,38.3
19/05/2016,CHIMN,36.9
20/05/2016,CHIMN,36.3
21/05/2016,CHIMN,40.2
22/05/2016,CHIMN,37.7
23/05/2016,CHIMN,35.4
24/05/2016,CHIMN,35
25/05/2016,CHIMN,36.9
26/05/2016,CHIMN,33.4
27/05/2016,CHIMN,35.7
28/05/2016,CHIMN,31.9
29/05/2016,CHIMN,31.1
30/05/2016,CHIMN,31.5
31/05/2016,CHIMN,34
01/06/2016,CHIMN,37.2
02/06/2016,CHIMN,36.1
03/06/2016,CHIMN,34.4
04/06/2016,CHIMN,34.2
05/06/2016,CHIMN,33.6
06/06/2016,CHIMN,33
07/06/2016,CHIMN,32.6
08/06/2016,CHIMN,31.7
09/06/2016,CHIMN,28.6
10/06/2016,CHIMN,30.9
11/06/2016,CHIMN,28.4
12/06/2016,CHIMN,29.4
13/06/2016,CHIMN,32.3
14/06/2016,CHIMN,29.8
15/06/2016,CHIMN,32.6
16/06/2016,CHIMN,35.8
17/06/2016,CHIMN,37.8
18/06/2016,CHIMN,36.5
19/06/2016,CHIMN,39
20/06/2016,CHIMN,40.2
21/06/2016,CHIMN,37.7
22/06/2016,CHIMN,41.7
23/06/2016,CHIMN,39.8
24/06/2016,CHIMN,40.4
25/06/2016,CHIMN,39.1
26/06/2016,CHIMN,46.6
27/06/2016,CHIMN,44.4
28/06/2016,CHIMN,42.4
29/06/2016,CHIMN,44.5
30/06/2016,CHIMN,40.5
01/07/2016,CHIMN,41.3
02/07/2016,CHIMN,39
03/07/2016,CHIMN,39.7
04/07/2016,CHIMN,38.3
05/07/2016,CHIMN,36.5
06/07/2016,CHIMN,36.4
07/07/2016,CHIMN,36.5
08/07/2016,CHIMN,35.9
09/07/2016,CHIMN,38.7
10/07/2016,CHIMN,35.9
11/07/2016,CHIMN,33.6
12/07/2016,CHIMN,33.6
13/07/2016,CHIMN,32.4
14/07/2016,CHIMN,29
15/07/2016,CHIMN,29.3
16/07/2016,CHIMN,32.2
17/07/2016,CHIMN,30.7
18/07/2016,CHIMN,30
19/07/2016,CHIMN,29.2
20/07/2016,CHIMN,27.8
21/07/2016,CHIMN,27.3
22/07/2016,CHIMN,26.6
23/07/2016,CHIMN,26.5
24/07/2016,CHIMN,27.2
25/07/2016,CHIMN,26.7
26/07/2016,CHIMN,23.7
27/07/2016,CHIMN,25.8
28/07/2016,CHIMN,25.2
29/07/2016,CHIMN,25.4
30/07/2016,CHIMN,23.7
31/07/2016,CHIMN,24.4
01/08/2016,CHIMN,24.6
02/08/2016,CHIMN,31.2
03/08/2016,CHIMN,32.8
04/08/2016,CHIMN,32.9
05/08/2016,CHIMN,27.9
06/08/2016,CHIMN,29.2
07/08/2016,CHIMN,28.9
08/08/2016,CHIMN,28.3
09/08/2016,CHIMN,24.9
10/08/2016,CHIMN,24.3
11/08/2016,CHIMN,25.4
12/08/2016,CHIMN,24.5
13/08/2016,CHIMN,24
14/08/2016,CHIMN,21.6
15/08/2016,CHIMN,22.9
16/08/2016,CHIMN,22.6
17/08/2016,CHIMN,23.9
18/08/2016,CHIMN,22.8
19/08/2016,CHIMN,24.1
20/08/2016,CHIMN,25.1
21/08/2016,CHIMN,25.9
22/08/2016,CHIMN,27.1
23/08/2016,CHIMN,25.2
24/08/2016,CHIMN,24.1
25/08/2016,CHIMN,26.3
26/08/2016,CHIMN,25.1
27/08/2016,CHIMN,26.5
28/08/2016,CHIMN,29.6
29/08/2016,CHIMN,29.3
30/08/2016,CHIMN,26.8
31/08/2016,CHIMN,24.5
01/09/2016,CHIMN,24.5
02/09/2016,CHIMN,24.3
03/09/2016,CHIMN,24.9
04/09/2016,CHIMN,27.5
05/09/2016,CHIMN,27
06/09/2016,CHIMN,29
07/09/2016,CHIMN,29.2
08/09/2016,CHIMN,29.6
09/09/2016,CHIMN,28.1
10/09/2016,CHIMN,31.6
11/09/2016,CHIMN,31.3
12/09/2016,CHIMN,32
13/09/2016,CHIMN,29.5
14/09/2016,CHIMN,29
15/09/2016,CHIMN,28.2
16/09/2016,CHIMN,28.2
17/09/2016,CHIMN,26.9
18/09/2016,CHIMN,25.1
19/09/2016,CHIMN,27.1
20/09/2016,CHIMN,30
21/09/2016,CHIMN,28.2
22/09/2016,CHIMN,26.7
23/09/2016,CHIMN,25.4
24/09/2016,CHIMN,26.6
25/09/2016,CHIMN,29.9
26/09/2016,CHIMN,30.7
27/09/2016,CHIMN,29.9
28/09/2016,CHIMN,30.3
29/09/2016,CHIMN,27.9
30/09/2016,CHIMN,27.5
01/10/2016,CHIMN,28
02/10/2016,CHIMN,30.4
03/10/2016,CHIMN,29.7
04/10/2016,CHIMN,30.8
05/10/2016,CHIMN,27.9
06/10/2016,CHIMN,28.9
07/10/2016,CHIMN,30.2
08/10/2016,CHIMN,28.5
09/10/2016,CHIMN,27.9
10/10/2016,CHIMN,28.3
11/10/2016,CHIMN,27.3
12/10/2016,CHIMN,27.4
13/10/2016,CHIMN,27.2
14/10/2016,CHIMN,23.6
15/10/2016,CHIMN,26.2
16/10/2016,CHIMN,28.6
17/10/2016,CHIMN,28.3
18/10/2016,CHIMN,30.5
19/10/2016,CHIMN,28
20/10/2016,CHIMN,29.1
21/10/2016,CHIMN,27.6
22/10/2016,CHIMN,28.4
23/10/2016,CHIMN,28.1
24/10/2016,CHIMN,27.5
25/10/2016,CHIMN,27.7
26/10/2016,CHIMN,28.8
27/10/2016,CHIMN,28.3
28/10/2016,CHIMN,29.1
29/10/2016,CHIMN,28.8
30/10/2016,CHIMN,28.2
31/10/2016,CHIMN,29.2
01/11/2016,CHIMN,29.7
02/11/2016,CHIMN,27.6
03/11/2016,CHIMN,27.2
04/11/2016,CHIMN,27.5
05/11/2016,CHIMN,30
06/11/2016,CHIMN,30.2
07/11/2016,CHIMN,31
08/11/2016,CHIMN,29.7
09/11/2016,CHIMN,36.8
10/11/2016,CHIMN,35.3
11/11/2016,CHIMN,34.2
12/11/2016,CHIMN,35.8
13/11/2016,CHIMN,34.3
14/11/2016,CHIMN,35
15/11/2016,CHIMN,38
16/11/2016,CHIMN,34.5
17/11/2016,CHIMN,34
18/11/2016,CHIMN,33.2
19/11/2016,CHIMN,35
20/11/2016,CHIMN,35.4
21/11/2016,CHIMN,37.9
22/11/2016,CHIMN,35.5
23/11/2016,CHIMN,38.1
24/11/2016,CHIMN,38
25/11/2016,CHIMN,35
26/11/2016,CHIMN,35.6
27/11/2016,CHIMN,34.8
28/11/2016,CHIMN,34.2
29/11/2016,CHIMN,34
30/11/2016,CHIMN,33.8
01/12/2016,CHIMN,34.2
02/12/2016,CHIMN,37.2
03/12/2016,CHIMN,35.9
04/12/2016,CHIMN,34.6
05/12/2016,CHIMN,36.8
06/12/2016,CHIMN,38.5
07/12/2016,CHIMN,37.5
08/12/2016,CHIMN,37.6
09/12/2016,CHIMN,35.4
10/12/2016,CHIMN,37.7
11/12/2016,CHIMN,38.4
12/12/2016,CHIMN,38.8
13/12/2016,CHIMN,38.9
14/12/2016,CHIMN,38.4
15/12/2016,CHIMN,40.5
16/12/2016,CHIMN,41.1
17/12/2016,CHIMN,40.2
18/12/2016,CHIMN,38.7
19/12/2016,CHIMN,33.4
20/12/2016,CHIMN,34.5
21/12/2016,CHIMN,39.2
22/12/2016,CHIMN,39
23/12/2016,CHIMN,37.1
24/12/2016,CHIMN,38.1
25/12/2016,CHIMN,36.5
26/12/2016,CHIMN,36.6
27/12/2016,CHIMN,35.6
28/12/2016,CHIMN,37.8
29/12/2016,CHIMN,39
30/12/2016,CHIMN,41.1
31/12/2016,CHIMN,38.3
01/01/2017,CHIMN,40.4
02/01/2017,CHIMN,39.1
03/01/2017,CHIMN,36.9
04/01/2017,CHIMN,35.9
05/01/2017,CHIMN,36.4
06/01/2017,CHIMN,40.8
07/01/2017,CHIMN,39.7
08/01/2017,CHIMN,40
09/01/2017,CHIMN,41.6
10/01/2017,CHIMN,40.7
11/01/2017,CHIMN,38.5
12/01/2017,CHIMN,37.7
13/01/2017,CHIMN,38.8
14/01/2017,CHIMN,37.6
15/01/2017,CHIMN,41
16/01/2017,CHIMN,42.1
17/01/2017,CHIMN,40.9
18/01/2017,CHIMN,40.1
19/01/2017,CHIMN,40.4
20/01/2017,CHIMN,37.1
21/01/2017,CHIMN,38.3
22/01/2017,CHIMN,41.1
23/01/2017,CHIMN,39.8
24/01/2017,CHIMN,39.9
25/01/2017,CHIMN,36.5
26/01/2017,CHIMN,37.1
27/01/2017,CHIMN,39.1
28/01/2017,CHIMN,39.6
29/01/2017,CHIMN,41.8
30/01/2017,CHIMN,42.1
31/01/2017,CHIMN,41.1
01/02/2017,CHIMN,42.7
02/02/2017,CHIMN,44.3
03/02/2017,CHIMN,40.2
04/02/2017,CHIMN,42.5
05/02/2017,CHIMN,40
06/02/2017,CHIMN,37.7
07/02/2017,CHIMN,42
08/02/2017,CHIMN,41.3
09/02/2017,CHIMN,38.1
10/02/2017,CHIMN,39.4
11/02/2017,CHIMN,39.2
12/02/2017,CHIMN,42.4
13/02/2017,CHIMN,36.9
14/02/2017,CHIMN,37.5
15/02/2017,CHIMN,42.5
16/02/2017,CHIMN,43.3
17/02/2017,CHIMN,40
18/02/2017,CHIMN,41.5
19/02/2017,CHIMN,41.6
20/02/2017,CHIMN,39.2
21/02/2017,CHIMN,38.9
22/02/2017,CHIMN,39
23/02/2017,CHIMN,37.6
24/02/2017,CHIMN,37
25/02/2017,CHIMN,41.4
26/02/2017,CHIMN,40.7
27/02/2017,CHIMN,38.7
28/02/2017,CHIMN,39
01/03/2017,CHIMN,38.3
02/03/2017,CHIMN,38.5
03/03/2017,CHIMN,42.3
04/03/2017,CHIMN,42.7
05/03/2017,CHIMN,40.3
06/03/2017,CHIMN,42.3
07/03/2017,CHIMN,39.5
08/03/2017,CHIMN,39.6
09/03/2017,CHIMN,38.3
10/03/2017,CHIMN,40.6
11/03/2017,CHIMN,39.8
12/03/2017,CHIMN,42.5
13/03/2017,CHIMN,42.6
14/03/2017,CHIMN,39.3
15/03/2017,CHIMN,42.3
16/03/2017,CHIMN,39.3
17/03/2017,CHIMN,37.7
18/03/2017,CHIMN,38.2
19/03/2017,CHIMN,38.6
20/03/2017,CHIMN,40.9
21/03/2017,CHIMN,37.9
22/03/2017,CHIMN,39
23/03/2017,CHIMN,38.1
24/03/2017,CHIMN,34.8
25/03/2017,CHIMN,33.3
26/03/2017,CHIMN,37.4
27/03/2017,CHIMN,40.9
28/03/2017,CHIMN,38.8
29/03/2017,CHIMN,38.9
30/03/2017,CHIMN,34.9
31/03/2017,CHIMN,36.3
01/04/2017,CHIMN,33.6
02/04/2017,CHIMN,35
03/04/2017,CHIMN,36
04/04/2017,CHIMN,34.1
05/04/2017,CHIMN,30.2
06/04/2017,CHIMN,32.1
07/04/2017,CHIMN,32.3
08/04/2017,CHIMN,30.4
09/04/2017,CHIMN,29.6
10/04/2017,CHIMN,30.4
11/04/2017,CHIMN,32.6
12/04/2017,CHIMN,30.3
13/04/2017,CHIMN,28.1
14/04/2017,CHIMN,30.6
15/04/2017,CHIMN,28.1
16/04/2017,CHIMN,27.3
17/04/2017,CHIMN,26.3
18/04/2017,CHIMN,27.1
19/04/2017,CHIMN,27.6
20/04/2017,CHIMN,27.5
21/04/2017,CHIMN,28.5
22/04/2017,CHIMN,25.3
23/04/2017,CHIMN,25.7
24/04/2017,CHIMN,24.5
25/04/2017,CHIMN,24.9
26/04/2017,CHIMN,25
27/04/2017,CHIMN,25
28/04/2017,CHIMN,26.2
29/04/2017,CHIMN,26.4
30/04/2017,CHIMN,25.2
01/05/2017,CHIMN,27.1
02/05/2017,CHIMN,27.4
03/05/2017,CHIMN,26.5
04/05/2017,CHIMN,26.1
05/05/2017,CHIMN,24
06/05/2017,CHIMN,24.5
07/05/2017,CHIMN,23.4
08/05/2017,CHIMN,24
09/05/2017,CHIMN,23.6
10/05/2017,CHIMN,23.3
11/05/2017,CHIMN,21.8
12/05/2017,CHIMN,27
13/05/2017,CHIMN,28.4
14/05/2017,CHIMN,29.2
15/05/2017,CHIMN,30.1
16/05/2017,CHIMN,31.9
17/05/2017,CHIMN,36.9
18/05/2017,CHIMN,34.9
19/05/2017,CHIMN,35.3
20/05/2017,CHIMN,37.1
21/05/2017,CHIMN,36.8
22/05/2017,CHIMN,35
23/05/2017,CHIMN,35.1
24/05/2017,CHIMN,33.2
25/05/2017,CHIMN,34.5
26/05/2017,CHIMN,30.7
27/05/2017,CHIMN,30.6
28/05/2017,CHIMN,30.1
29/05/2017,CHIMN,35.7
30/05/2017,CHIMN,38.5
31/05/2017,CHIMN,37.7
01/06/2017,CHIMN,34.4
02/06/2017,CHIMN,33.4
03/06/2017,CHIMN,31.6
04/06/2017,CHIMN,30.9
05/06/2017,CHIMN,32.4
06/06/2017,CHIMN,35.5
07/06/2017,CHIMN,35.6
08/06/2017,CHIMN,39.6
09/06/2017,CHIMN,36.1
10/06/2017,CHIMN,35.5
11/06/2017,CHIMN,37.5
12/06/2017,CHIMN,35
13/06/2017,CHIMN,33.7
14/06/2017,CHIMN,32.3
15/06/2017,CHIMN,31.1
16/06/2017,CHIMN,29.1
17/06/2017,CHIMN,28.5
18/06/2017,CHIMN,28.8
19/06/2017,CHIMN,29.5
20/06/2017,CHIMN,27.3
21/06/2017,CHIMN,25.1
22/06/2017,CHIMN,26.4
23/06/2017,CHIMN,24.8
24/06/2017,CHIMN,25.4
25/06/2017,CHIMN,24
26/06/2017,CHIMN,22.6
27/06/2017,CHIMN,24.3
28/06/2017,CHIMN,25.6
29/06/2017,CHIMN,25.7
30/06/2017,CHIMN,26.9
01/07/2017,CHIMN,23.8
02/07/2017,CHIMN,22.6
03/07/2017,CHIMN,22.8
04/07/2017,CHIMN,22.9
05/07/2017,CHIMN,23.2
06/07/2017,CHIMN,22.5
07/07/2017,CHIMN,20.7
08/07/2017,CHIMN,20.6
09/07/2017,CHIMN,22.1
10/07/2017,CHIMN,21.8
11/07/2017,CHIMN,23.7
12/07/2017,CHIMN,28
13/07/2017,CHIMN,31.2
14/07/2017,CHIMN,26.7
15/07/2017,CHIMN,26.6
16/07/2017,CHIMN,26.2
17/07/2017,CHIMN,23
18/07/2017,CHIMN,22.6
19/07/2017,CHIMN,26.9
20/07/2017,CHIMN,26.7
21/07/2017,CHIMN,27
22/07/2017,CHIMN,33.2
23/07/2017,CHIMN,32.1
24/07/2017,CHIMN,32.2
25/07/2017,CHIMN,26.9
26/07/2017,CHIMN,30.6
27/07/2017,CHIMN,32
28/07/2017,CHIMN,33.7
29/07/2017,CHIMN,32.4
30/07/2017,CHIMN,36.6
31/07/2017,CHIMN,33.6
01/08/2017,CHIMN,35
02/08/2017,CHIMN,36.1
03/08/2017,CHIMN,35.8
04/08/2017,CHIMN,36.3
05/08/2017,CHIMN,34.6
06/08/2017,CHIMN,34.5
07/08/2017,CHIMN,34.4
08/08/2017,CHIMN,32.4
09/08/2017,CHIMN,33.1
10/08/2017,CHIMN,33.2
11/08/2017,CHIMN,35.4
12/08/2017,CHIMN,31.3
13/08/2017,CHIMN,31.8
14/08/2017,CHIMN,30.2
15/08/2017,CHIMN,30.9
16/08/2017,CHIMN,29.4
17/08/2017,CHIMN,34.7
18/08/2017,CHIMN,35.6
19/08/2017,CHIMN,36
20/08/2017,CHIMN,36
21/08/2017,CHIMN,37.9
22/08/2017,CHIMN,38.8
23/08/2017,CHIMN,36.6
24/08/2017,CHIMN,35.2
25/08/2017,CHIMN,37.5
26/08/2017,CHIMN,31.8
27/08/2017,CHIMN,31.4
28/08/2017,CHIMN,31.2
29/08/2017,CHIMN,31
30/08/2017,CHIMN,28.9
31/08/2017,CHIMN,27.8
01/09/2017,CHIMN,30
02/09/2017,CHIMN,28
03/09/2017,CHIMN,30.3
04/09/2017,CHIMN,32.8
05/09/2017,CHIMN,32.7
06/09/2017,CHIMN,32.1
07/09/2017,CHIMN,34.2
08/09/2017,CHIMN,33.3
09/09/2017,CHIMN,32
10/09/2017,CHIMN,33.8
11/09/2017,CHIMN,32.3
12/09/2017,CHIMN,31.4
13/09/2017,CHIMN,30
14/09/2017,CHIMN,31.7
15/09/2017,CHIMN,31.6
16/09/2017,CHIMN,32.9
17/09/2017,CHIMN,34.6
18/09/2017,CHIMN,33.1
19/09/2017,CHIMN,31.9
20/09/2017,CHIMN,33.3
21/09/2017,CHIMN,34.9
22/09/2017,CHIMN,32.7
23/09/2017,CHIMN,30.1
24/09/2017,CHIMN,30.6
25/09/2017,CHIMN,34.3
26/09/2017,CHIMN,36.8
27/09/2017,CHIMN,38.3
28/09/2017,CHIMN,37.4
29/09/2017,CHIMN,39.1
30/09/2017,CHIMN,37.8
01/10/2017,CHIMN,39.4
02/10/2017,CHIMN,35.5
03/10/2017,CHIMN,32.8
04/10/2017,CHIMN,35.4
05/10/2017,CHIMN,33.9
06/10/2017,CHIMN,32.7
07/10/2017,CHIMN,31.8
08/10/2017,CHIMN,33.5
09/10/2017,CHIMN,32.4
10/10/2017,CHIMN,33.4
11/10/2017,CHIMN,32.7
12/10/2017,CHIMN,29.9
13/10/2017,CHIMN,34
14/10/2017,CHIMN,32.7
15/10/2017,CHIMN,33.2
16/10/2017,CHIMN,31.5
17/10/2017,CHIMN,29.4
18/10/2017,CHIMN,33.4
19/10/2017,CHIMN,33
20/10/2017,CHIMN,37.3
21/10/2017,CHIMN,33.8
22/10/2017,CHIMN,32.9
23/10/2017,CHIMN,33.6
24/10/2017,CHIMN,33
25/10/2017,CHIMN,33.1
26/10/2017,CHIMN,33.3
27/10/2017,CHIMN,31.3
28/10/2017,CHIMN,29.3
29/10/2017,CHIMN,29.6
30/10/2017,CHIMN,31.8
31/10/2017,CHIMN,31
01/11/2017,CHIMN,30.8
02/11/2017,CHIMN,31.8
03/11/2017,CHIMN,29.9
04/11/2017,CHIMN,35.2
05/11/2017,CHIMN,33.2
06/11/2017,CHIMN,34.2
07/11/2017,CHIMN,38.2
08/11/2017,CHIMN,37.4
09/11/2017,CHIMN,36.5
10/11/2017,CHIMN,35.2
11/11/2017,CHIMN,35.7
12/11/2017,CHIMN,35.4
13/11/2017,CHIMN,39.6
14/11/2017,CHIMN,39.1
15/11/2017,CHIMN,38
16/11/2017,CHIMN,39.5
17/11/2017,CHIMN,36.5
18/11/2017,CHIMN,38
19/11/2017,CHIMN,37.8
20/11/2017,CHIMN,40.6
21/11/2017,CHIMN,39.5
22/11/2017,CHIMN,40.3
23/11/2017,CHIMN,41.9
24/11/2017,CHIMN,39.4
25/11/2017,CHIMN,38
26/11/2017,CHIMN,37.3
27/11/2017,CHIMN,36.8
28/11/2017,CHIMN,38.7
29/11/2017,CHIMN,39.5
30/11/2017,CHIMN,37.1
01/12/2017,CHIMN,36.2
02/12/2017,CHIMN,35.5
03/12/2017,CHIMN,40.7
04/12/2017,CHIMN,36
05/12/2017,CHIMN,36.9
06/12/2017,CHIMN,39.9
07/12/2017,CHIMN,39.1
08/12/2017,CHIMN,37
09/12/2017,CHIMN,35.8
10/12/2017,CHIMN,35.6
11/12/2017,CHIMN,35.6
12/12/2017,CHIMN,35.6
13/12/2017,CHIMN,44
14/12/2017,CHIMN,38.7
15/12/2017,CHIMN,41.6
16/12/2017,CHIMN,38.6
17/12/2017,CHIMN,38.9
18/12/2017,CHIMN,42.1
19/12/2017,CHIMN,39.7
20/12/2017,CHIMN,40.4
21/12/2017,CHIMN,40.6
22/12/2017,CHIMN,44.2
23/12/2017,CHIMN,40.1
24/12/2017,CHIMN,40.8
25/12/2017,CHIMN,39.5
26/12/2017,CHIMN,41.1
27/12/2017,CHIMN,43
28/12/2017,CHIMN,40
29/12/2017,CHIMN,40.8
30/12/2017,CHIMN,40.3
31/12/2017,CHIMN,41.1
01/01/2018,CHIMN,39.6
02/01/2018,CHIMN,42.2
03/01/2018,CHIMN,37.1
04/01/2018,CHIMN,39.7
05/01/2018,CHIMN,41
06/01/2018,CHIMN,39.7
07/01/2018,CHIMN,35.8
08/01/2018,CHIMN,34.6
09/01/2018,CHIMN,39.2
10/01/2018,CHIMN,42
11/01/2018,CHIMN,39.9
12/01/2018,CHIMN,40.6
13/01/2018,CHIMN,40.6
14/01/2018,CHIMN,41
15/01/2018,CHIMN,41
16/01/2018,CHIMN,36.5
17/01/2018,CHIMN,38.5
18/01/2018,CHIMN,35.2
19/01/2018,CHIMN,36.9
20/01/2018,CHIMN,38.7
21/01/2018,CHIMN,40.8
22/01/2018,CHIMN,40.7
23/01/2018,CHIMN,41.6
24/01/2018,CHIMN,44.9
25/01/2018,CHIMN,38.7
26/01/2018,CHIMN,39
27/01/2018,CHIMN,40.1
28/01/2018,CHIMN,39.5
29/01/2018,CHIMN,39.8
30/01/2018,CHIMN,41.8
31/01/2018,CHIMN,40.2
01/02/2018,CHIMN,40.7
02/02/2018,CHIMN,38.6
03/02/2018,CHIMN,40.4
04/02/2018,CHIMN,40.1
05/02/2018,CHIMN,37.7
06/02/2018,CHIMN,39.1
07/02/2018,CHIMN,38.6
08/02/2018,CHIMN,40.2
09/02/2018,CHIMN,42.4
10/02/2018,CHIMN,42.1
11/02/2018,CHIMN,40.2
12/02/2018,CHIMN,38.6
13/02/2018,CHIMN,40.4
14/02/2018,CHIMN,43.2
15/02/2018,CHIMN,38.1
16/02/2018,CHIMN,36.9
17/02/2018,CHIMN,39.3
18/02/2018,CHIMN,40.2
19/02/2018,CHIMN,41.3
20/02/2018,CHIMN,39.7
21/02/2018,CHIMN,41.1
22/02/2018,CHIMN,41
23/02/2018,CHIMN,38.2
24/02/2018,CHIMN,37.5
25/02/2018,CHIMN,39.3
26/02/2018,CHIMN,38.5
27/02/2018,CHIMN,39.4
28/02/2018,CHIMN,38.2
01/03/2018,CHIMN,36.3
02/03/2018,CHIMN,36.3
03/03/2018,CHIMN,36.3
04/03/2018,CHIMN,43.8
05/03/2018,CHIMN,41.1
06/03/2018,CHIMN,40.1
07/03/2018,CHIMN,39.3
08/03/2018,CHIMN,38.2
09/03/2018,CHIMN,43
10/03/2018,CHIMN,42.7
11/03/2018,CHIMN,41.8
12/03/2018,CHIMN,44.6
13/03/2018,CHIMN,41.8
14/03/2018,CHIMN,42.8
15/03/2018,CHIMN,43.8
16/03/2018,CHIMN,43.9
17/03/2018,CHIMN,40.9
18/03/2018,CHIMN,40.2
19/03/2018,CHIMN,40.2
20/03/2018,CHIMN,45
21/03/2018,CHIMN,43.5
22/03/2018,CHIMN,39.3
23/03/2018,CHIMN,41.7
24/03/2018,CHIMN,46.9
25/03/2018,CHIMN,42.3
26/03/2018,CHIMN,39.6
27/03/2018,CHIMN,40.2
28/03/2018,CHIMN,42.8
29/03/2018,CHIMN,42.6
30/03/2018,CHIMN,42.6
31/03/2018,CHIMN,41.4
01/04/2018,CHIMN,40.6
02/04/2018,CHIMN,40.9
03/04/2018,CHIMN,43.7
04/04/2018,CHIMN,40
05/04/2018,CHIMN,42
06/04/2018,CHIMN,39.5
07/04/2018,CHIMN,41.1
08/04/2018,CHIMN,43
09/04/2018,CHIMN,44
10/04/2018,CHIMN,45.8
11/04/2018,CHIMN,45.3
12/04/2018,CHIMN,41.3
13/04/2018,CHIMN,44.9
14/04/2018,CHIMN,45.5
15/04/2018,CHIMN,45.2
16/04/2018,CHIMN,42.8
17/04/2018,CHIMN,41.4
18/04/2018,CHIMN,43.2
19/04/2018,CHIMN,39.5
20/04/2018,CHIMN,38.4
21/04/2018,CHIMN,39
22/04/2018,CHIMN,41.2
23/04/2018,CHIMN,36.9
24/04/2018,CHIMN,38.5
25/04/2018,CHIMN,40.3
26/04/2018,CHIMN,37.8
27/04/2018,CHIMN,39.5
28/04/2018,CHIMN,41.3
29/04/2018,CHIMN,38.6
30/04/2018,CHIMN,39.2
01/05/2018,CHIMN,37.5
02/05/2018,CHIMN,39.8
03/05/2018,CHIMN,37.9
04/05/2018,CHIMN,39
05/05/2018,CHIMN,38.7
06/05/2018,CHIMN,35.1
07/05/2018,CHIMN,35.6
08/05/2018,CHIMN,35.1
09/05/2018,CHIMN,33.8
10/05/2018,CHIMN,31.9
11/05/2018,CHIMN,30.5
12/05/2018,CHIMN,31.1
13/05/2018,CHIMN,29.5
14/05/2018,CHIMN,30.4
15/05/2018,CHIMN,27.5
16/05/2018,CHIMN,29.4
17/05/2018,CHIMN,26.5
18/05/2018,CHIMN,26.7
19/05/2018,CHIMN,25.9
20/05/2018,CHIMN,26.4
21/05/2018,CHIMN,24.6
22/05/2018,CHIMN,24.6
23/05/2018,CHIMN,22.6
24/05/2018,CHIMN,28.8
25/05/2018,CHIMN,34.2
26/05/2018,CHIMN,32.5
27/05/2018,CHIMN,35.1
28/05/2018,CHIMN,37
29/05/2018,CHIMN,33.8
30/05/2018,CHIMN,38
31/05/2018,CHIMN,41.5
01/06/2018,CHIMN,42.6
02/06/2018,CHIMN,42.1
03/06/2018,CHIMN,39.6
04/06/2018,CHIMN,36.9
05/06/2018,CHIMN,35.6
06/06/2018,CHIMN,35.8
07/06/2018,CHIMN,33.6
08/06/2018,CHIMN,35.6
09/06/2018,CHIMN,33.9
10/06/2018,CHIMN,31.9
11/06/2018,CHIMN,30.5
12/06/2018,CHIMN,29.7
13/06/2018,CHIMN,28.2
14/06/2018,CHIMN,29
15/06/2018,CHIMN,28.4
16/06/2018,CHIMN,27.6
17/06/2018,CHIMN,26.1
18/06/2018,CHIMN,27
19/06/2018,CHIMN,27.4
20/06/2018,CHIMN,27.8
21/06/2018,CHIMN,25.9
22/06/2018,CHIMN,24
23/06/2018,CHIMN,23.3
24/06/2018,CHIMN,22.6
25/06/2018,CHIMN,24.2
26/06/2018,CHIMN,24.2
27/06/2018,CHIMN,23.7
28/06/2018,CHIMN,24
29/06/2018,CHIMN,22.8
30/06/2018,CHIMN,22.4
01/07/2018,CHIMN,22.2
02/07/2018,CHIMN,21.1
03/07/2018,CHIMN,21.1
04/07/2018,CHIMN,21.6
05/07/2018,CHIMN,21.7
06/07/2018,CHIMN,20.8
07/07/2018,CHIMN,21
08/07/2018,CHIMN,20.5
09/07/2018,CHIMN,20.9
10/07/2018,CHIMN,19.2
11/07/2018,CHIMN,19.3
12/07/2018,CHIMN,20.8
13/07/2018,CHIMN,19.2
14/07/2018,CHIMN,19.1
15/07/2018,CHIMN,19.6
16/07/2018,CHIMN,18.8
17/07/2018,CHIMN,18.3
18/07/2018,CHIMN,19
19/07/2018,CHIMN,19.3
20/07/2018,CHIMN,19.4
21/07/2018,CHIMN,22.9
22/07/2018,CHIMN,21.5
23/07/2018,CHIMN,21.6
24/07/2018,CHIMN,19.7
25/07/2018,CHIMN,18.9
26/07/2018,CHIMN,19.6
27/07/2018,CHIMN,19.1
28/07/2018,CHIMN,20.6
29/07/2018,CHIMN,23.3
30/07/2018,CHIMN,23.8
31/07/2018,CHIMN,20.9
01/08/2018,CHIMN,21
02/08/2018,CHIMN,20.7
03/08/2018,CHIMN,20.4
04/08/2018,CHIMN,18.6
05/08/2018,CHIMN,19.8
06/08/2018,CHIMN,19.7
07/08/2018,CHIMN,17.8
08/08/2018,CHIMN,18
09/08/2018,CHIMN,17.6
10/08/2018,CHIMN,19.7
11/08/2018,CHIMN,19.6
12/08/2018,CHIMN,23.8
13/08/2018,CHIMN,22
14/08/2018,CHIMN,20.1
15/08/2018,CHIMN,21.5
16/08/2018,CHIMN,23.3
17/08/2018,CHIMN,24.4
18/08/2018,CHIMN,23.2
19/08/2018,CHIMN,21.8
20/08/2018,CHIMN,22.5
21/08/2018,CHIMN,22.9
22/08/2018,CHIMN,21.6
23/08/2018,CHIMN,20
24/08/2018,CHIMN,19.1
25/08/2018,CHIMN,20.2
26/08/2018,CHIMN,24.2
27/08/2018,CHIMN,28.2
28/08/2018,CHIMN,26.1
29/08/2018,CHIMN,26.1
30/08/2018,CHIMN,24.4
31/08/2018,CHIMN,22.8
01/09/2018,CHIMN,22.4
02/09/2018,CHIMN,21.5
03/09/2018,CHIMN,21.2
04/09/2018,CHIMN,21.7
05/09/2018,CHIMN,21.3
06/09/2018,CHIMN,21.6
07/09/2018,CHIMN,19.7
08/09/2018,CHIMN,19.2
09/09/2018,CHIMN,20.1
10/09/2018,CHIMN,20.4
11/09/2018,CHIMN,20.7
12/09/2018,CHIMN,20.5
13/09/2018,CHIMN,19.2
14/09/2018,CHIMN,20.1
15/09/2018,CHIMN,19.4
16/09/2018,CHIMN,18.6
17/09/2018,CHIMN,20.3
18/09/2018,CHIMN,19.6
19/09/2018,CHIMN,19.6
20/09/2018,CHIMN,21.8
21/09/2018,CHIMN,24.4
22/09/2018,CHIMN,23.7
23/09/2018,CHIMN,28.6
24/09/2018,CHIMN,27.9
25/09/2018,CHIMN,28
26/09/2018,CHIMN,29.2
27/09/2018,CHIMN,25.8
28/09/2018,CHIMN,26.2
29/09/2018,CHIMN,25
30/09/2018,CHIMN,25.6
01/10/2018,CHIMN,23.1
02/10/2018,CHIMN,23.2
03/10/2018,CHIMN,22.6
04/10/2018,CHIMN,23
05/10/2018,CHIMN,22.4
06/10/2018,CHIMN,24.7
07/10/2018,CHIMN,26.1
08/10/2018,CHIMN,26.5
09/10/2018,CHIMN,24.6
10/10/2018,CHIMN,24.3
11/10/2018,CHIMN,23.5
12/10/2018,CHIMN,26
13/10/2018,CHIMN,25
14/10/2018,CHIMN,30.5
15/10/2018,CHIMN,32.8
16/10/2018,CHIMN,33.7
17/10/2018,CHIMN,31.4
18/10/2018,CHIMN,31.7
19/10/2018,CHIMN,33.6
20/10/2018,CHIMN,31.2
21/10/2018,CHIMN,34.3
22/10/2018,CHIMN,32.5
23/10/2018,CHIMN,31.4
24/10/2018,CHIMN,28.4
25/10/2018,CHIMN,29.8
26/10/2018,CHIMN,28.3
27/10/2018,CHIMN,28.9
28/10/2018,CHIMN,30.4
29/10/2018,CHIMN,28.9
30/10/2018,CHIMN,27.2
31/10/2018,CHIMN,27.9
01/11/2018,CHIMN,28.8
02/11/2018,CHIMN,29.4
03/11/2018,CHIMN,28.9
04/11/2018,CHIMN,29.9
05/11/2018,CHIMN,28
06/11/2018,CHIMN,27.9
07/11/2018,CHIMN,29.7
08/11/2018,CHIMN,31
09/11/2018,CHIMN,34.3
10/11/2018,CHIMN,33.6
11/11/2018,CHIMN,34.5
12/11/2018,CHIMN,32.9
13/11/2018,CHIMN,35.6
14/11/2018,CHIMN,36.5
15/11/2018,CHIMN,36.4
16/11/2018,CHIMN,34.6
17/11/2018,CHIMN,33.7
18/11/2018,CHIMN,35.5
19/11/2018,CHIMN,35
20/11/2018,CHIMN,31.7
21/11/2018,CHIMN,35.4
22/11/2018,CHIMN,34
23/11/2018,CHIMN,33.3
24/11/2018,CHIMN,33.6
25/11/2018,CHIMN,37.9
26/11/2018,CHIMN,35.7
27/11/2018,CHIMN,35.1
28/11/2018,CHIMN,36.5
29/11/2018,CHIMN,34.6
30/11/2018,CHIMN,38.3
01/12/2018,CHIMN,36.8
02/12/2018,CHIMN,36.2
03/12/2018,CHIMN,34.7
04/12/2018,CHIMN,35.5
05/12/2018,CHIMN,38.2
06/12/2018,CHIMN,37.2
07/12/2018,CHIMN,38.1
08/12/2018,CHIMN,32.8
09/12/2018,CHIMN,31.4
10/12/2018,CHIMN,34.4
11/12/2018,CHIMN,35.5
12/12/2018,CHIMN,35.4
13/12/2018,CHIMN,35.9
14/12/2018,CHIMN,36.3
15/12/2018,CHIMN,35.4
16/12/2018,CHIMN,37.6
17/12/2018,CHIMN,36.1
18/12/2018,CHIMN,36.7
19/12/2018,CHIMN,38.9
20/12/2018,CHIMN,38.1
21/12/2018,CHIMN,35.9
22/12/2018,CHIMN,36.5
23/12/2018,CHIMN,35.3
24/12/2018,CHIMN,33.9
25/12/2018,CHIMN,39
26/12/2018,CHIMN,36.8
27/12/2018,CHIMN,37.5
28/12/2018,CHIMN,37.6
29/12/2018,CHIMN,37.9
30/12/2018,CHIMN,37.4
31/12/2018,CHIMN,37.9
01/01/2019,CHIMN,36.7
02/01/2019,CHIMN,33.7
03/01/2019,CHIMN,39.1
04/01/2019,CHIMN,32.2
05/01/2019,CHIMN,35.4
06/01/2019,CHIMN,36.3
07/01/2019,CHIMN,35.6
08/01/2019,CHIMN,32.6
09/01/2019,CHIMN,34.3
10/01/2019,CHIMN,35.6
11/01/2019,CHIMN,35.7
12/01/2019,CHIMN,34.3
13/01/2019,CHIMN,33
14/01/2019,CHIMN,30.7
15/01/2019,CHIMN,32.4
16/01/2019,CHIMN,36.3
17/01/2019,CHIMN,36.7
18/01/2019,CHIMN,34.8
19/01/2019,CHIMN,36
20/01/2019,CHIMN,37.3
21/01/2019,CHIMN,38.4
22/01/2019,CHIMN,39.9
23/01/2019,CHIMN,39.3
24/01/2019,CHIMN,38.5
25/01/2019,CHIMN,36.5
26/01/2019,CHIMN,36.9
27/01/2019,CHIMN,36.8
28/01/2019,CHIMN,36.1
29/01/2019,CHIMN,37.3
30/01/2019,CHIMN,35
31/01/2019,CHIMN,35.8
01/02/2019,CHIMN,34.3
02/02/2019,CHIMN,34.3
03/02/2019,CHIMN,34.3
04/02/2019,CHIMN,41.5
05/02/2019,CHIMN,41.1
06/02/2019,CHIMN,40.5
07/02/2019,CHIMN,38.9
08/02/2019,CHIMN,37.4
09/02/2019,CHIMN,39.3
10/02/2019,CHIMN,37.4
11/02/2019,CHIMN,39.1
12/02/2019,CHIMN,39.4
13/02/2019,CHIMN,38.8
14/02/2019,CHIMN,37.5
15/02/2019,CHIMN,37.1
16/02/2019,CHIMN,38.4
17/02/2019,CHIMN,37.1
18/02/2019,CHIMN,38.1
19/02/2019,CHIMN,37.5
20/02/2019,CHIMN,37.6
21/02/2019,CHIMN,35.8
22/02/2019,CHIMN,37.2
23/02/2019,CHIMN,35.7
24/02/2019,CHIMN,34.8
25/02/2019,CHIMN,33.2
26/02/2019,CHIMN,34.9
27/02/2019,CHIMN,37.6
28/02/2019,CHIMN,36.7
01/03/2019,CHIMN,36.4
02/03/2019,CHIMN,35.4
03/03/2019,CHIMN,38.6
04/03/2019,CHIMN,34.6
05/03/2019,CHIMN,34.2
06/03/2019,CHIMN,37.4
07/03/2019,CHIMN,37.3
08/03/2019,CHIMN,40.3
09/03/2019,CHIMN,38.7
10/03/2019,CHIMN,36.7
11/03/2019,CHIMN,35.7
12/03/2019,CHIMN,38.9
13/03/2019,CHIMN,40
14/03/2019,CHIMN,38.3
15/03/2019,CHIMN,38.7
16/03/2019,CHIMN,36.6
17/03/2019,CHIMN,39.6
18/03/2019,CHIMN,36.9
19/03/2019,CHIMN,38.6
20/03/2019,CHIMN,37.4
21/03/2019,CHIMN,39.8
22/03/2019,CHIMN,38.1
23/03/2019,CHIMN,38.3
24/03/2019,CHIMN,36.4
25/03/2019,CHIMN,34.4
26/03/2019,CHIMN,35.5
27/03/2019,CHIMN,36.4
28/03/2019,CHIMN,36
29/03/2019,CHIMN,35.5
30/03/2019,CHIMN,31.9
31/03/2019,CHIMN,34.9
01/04/2019,CHIMN,32
02/04/2019,CHIMN,34.7
03/04/2019,CHIMN,35.1
04/04/2019,CHIMN,36.6
05/04/2019,CHIMN,38.3
06/04/2019,CHIMN,37.2
07/04/2019,CHIMN,37.7
08/04/2019,CHIMN,40.2
09/04/2019,CHIMN,40.6
10/04/2019,CHIMN,38.9
11/04/2019,CHIMN,36.4
12/04/2019,CHIMN,38.4
13/04/2019,CHIMN,35.7
14/04/2019,CHIMN,35.1
15/04/2019,CHIMN,34.4
16/04/2019,CHIMN,32.2
17/04/2019,CHIMN,34.7
18/04/2019,CHIMN,33.1
19/04/2019,CHIMN,32.2
20/04/2019,CHIMN,29.7
21/04/2019,CHIMN,30
22/04/2019,CHIMN,27.6
23/04/2019,CHIMN,25.9
24/04/2019,CHIMN,26.6
25/04/2019,CHIMN,25.9
26/04/2019,CHIMN,26.8
27/04/2019,CHIMN,26.5
28/04/2019,CHIMN,27.7
29/04/2019,CHIMN,26.6
30/04/2019,CHIMN,28.2
01/05/2019,CHIMN,27.4
02/05/2019,CHIMN,28.7
03/05/2019,CHIMN,28.8
04/05/2019,CHIMN,26.1
05/05/2019,CHIMN,27.4
06/05/2019,CHIMN,25.8
07/05/2019,CHIMN,25.5
08/05/2019,CHIMN,28.7
09/05/2019,CHIMN,34
10/05/2019,CHIMN,32
11/05/2019,CHIMN,31.7
12/05/2019,CHIMN,30.2
13/05/2019,CHIMN,26
14/05/2019,CHIMN,27.9
15/05/2019,CHIMN,27.9
16/05/2019,CHIMN,26.8
17/05/2019,CHIMN,23.5
18/05/2019,CHIMN,25
19/05/2019,CHIMN,25.1
20/05/2019,CHIMN,23.1
21/05/2019,CHIMN,20.5
22/05/2019,CHIMN,22.4
23/05/2019,CHIMN,22.8
24/05/2019,CHIMN,23.2
25/05/2019,CHIMN,23
26/05/2019,CHIMN,22.5
27/05/2019,CHIMN,23
28/05/2019,CHIMN,21.6
29/05/2019,CHIMN,22.9
30/05/2019,CHIMN,22.8
31/05/2019,CHIMN,23.2
01/06/2019,CHIMN,22.5
02/06/2019,CHIMN,21.8
03/06/2019,CHIMN,21.9
04/06/2019,CHIMN,23.3
05/06/2019,CHIMN,23.1
06/06/2019,CHIMN,21.7
07/06/2019,CHIMN,26.8
08/06/2019,CHIMN,28.4
09/06/2019,CHIMN,28.9
10/06/2019,CHIMN,31.2
11/06/2019,CHIMN,34.2
12/06/2019,CHIMN,35
13/06/2019,CHIMN,34.8
14/06/2019,CHIMN,37.5
15/06/2019,CHIMN,37.7
16/06/2019,CHIMN,39
17/06/2019,CHIMN,38.1
18/06/2019,CHIMN,37.7
19/06/2019,CHIMN,38.1
20/06/2019,CHIMN,33.9
21/06/2019,CHIMN,32.8
22/06/2019,CHIMN,31.9
23/06/2019,CHIMN,32.8
24/06/2019,CHIMN,30.9
25/06/2019,CHIMN,36.9
26/06/2019,CHIMN,35.5
27/06/2019,CHIMN,34.3
28/06/2019,CHIMN,31.4
29/06/2019,CHIMN,29.6
30/06/2019,CHIMN,29.3
01/07/2019,CHIMN,27.9
02/07/2019,CHIMN,27.4
03/07/2019,CHIMN,25.5
04/07/2019,CHIMN,25.9
05/07/2019,CHIMN,26.3
06/07/2019,CHIMN,25.9
07/07/2019,CHIMN,23.9
08/07/2019,CHIMN,22.9
09/07/2019,CHIMN,23.2
10/07/2019,CHIMN,21.9
11/07/2019,CHIMN,23
12/07/2019,CHIMN,22.1
13/07/2019,CHIMN,21.7
14/07/2019,CHIMN,22.2
15/07/2019,CHIMN,22
16/07/2019,CHIMN,22.9
17/07/2019,CHIMN,20.8
18/07/2019,CHIMN,21.9
19/07/2019,CHIMN,26.5
20/07/2019,CHIMN,28.7
21/07/2019,CHIMN,28.9
22/07/2019,CHIMN,28.1
23/07/2019,CHIMN,26.7
24/07/2019,CHIMN,23.6
25/07/2019,CHIMN,22.4
26/07/2019,CHIMN,22.3
27/07/2019,CHIMN,25.1
28/07/2019,CHIMN,23.5
29/07/2019,CHIMN,22.5
30/07/2019,CHIMN,24.7
31/07/2019,CHIMN,28.4
01/08/2019,CHIMN,26.9
02/08/2019,CHIMN,26.4
03/08/2019,CHIMN,24.7
04/08/2019,CHIMN,24.5
05/08/2019,CHIMN,23.3
06/08/2019,CHIMN,23.2
07/08/2019,CHIMN,25.5
08/08/2019,CHIMN,24.3
09/08/2019,CHIMN,28.1
10/08/2019,CHIMN,28.1
11/08/2019,CHIMN,28.2
12/08/2019,CHIMN,29.9
13/08/2019,CHIMN,27.1
14/08/2019,CHIMN,32.5
15/08/2019,CHIMN,34.4
16/08/2019,CHIMN,34.2
17/08/2019,CHIMN,33.5
18/08/2019,CHIMN,33.7
19/08/2019,CHIMN,29.8
20/08/2019,CHIMN,28.4
21/08/2019,CHIMN,29.9
22/08/2019,CHIMN,29
23/08/2019,CHIMN,28.5
24/08/2019,CHIMN,24.2
25/08/2019,CHIMN,25.6
26/08/2019,CHIMN,24.9
27/08/2019,CHIMN,25.7
28/08/2019,CHIMN,25.3
29/08/2019,CHIMN,25.1
30/08/2019,CHIMN,24.7
31/08/2019,CHIMN,23.6
01/09/2019,CHIMN,21.5
02/09/2019,CHIMN,22.8
03/09/2019,CHIMN,22.7
04/09/2019,CHIMN,22.9
05/09/2019,CHIMN,22
06/09/2019,CHIMN,21.3
07/09/2019,CHIMN,21.7
08/09/2019,CHIMN,19.7
09/09/2019,CHIMN,20.9
10/09/2019,CHIMN,21.3
11/09/2019,CHIMN,20.6
12/09/2019,CHIMN,20.7
13/09/2019,CHIMN,20.2
14/09/2019,CHIMN,20
15/09/2019,CHIMN,19.5
16/09/2019,CHIMN,21.4
17/09/2019,CHIMN,19.7
18/09/2019,CHIMN,20.1
19/09/2019,CHIMN,19.9
20/09/2019,CHIMN,20
21/09/2019,CHIMN,19.6
22/09/2019,CHIMN,25.2
23/09/2019,CHIMN,24.5
24/09/2019,CHIMN,32
25/09/2019,CHIMN,33
26/09/2019,CHIMN,33.2
27/09/2019,CHIMN,34.7
28/09/2019,CHIMN,36.8
29/09/2019,CHIMN,
30/09/2019,CHIMN,
01/10/2019,CHIMN,
02/10/2019,CHIMN,
03/10/2019,CHIMN,
04/10/2019,CHIMN,
05/10/2019,CHIMN,
06/10/2019,CHIMN,
07/10/2019,CHIMN,
08/10/2019,CHIMN,
09/10/2019,CHIMN,
10/10/2019,CHIMN,36.6
11/10/2019,CHIMN,40.1
12/10/2019,CHIMN,39.3
13/10/2019,CHIMN,40.5
14/10/2019,CHIMN,41
15/10/2019,CHIMN,37.3
16/10/2019,CHIMN,38
17/10/2019,CHIMN,40.3
18/10/2019,CHIMN,40.4
19/10/2019,CHIMN,38.4
20/10/2019,CHIMN,37.2
21/10/2019,CHIMN,37.1
22/10/2019,CHIMN,37.3
23/10/2019,CHIMN,35.7
24/10/2019,CHIMN,37.5
25/10/2019,CHIMN,41.8
26/10/2019,CHIMN,43.9
27/10/2019,CHIMN,42.9
28/10/2019,CHIMN,38.4
29/10/2019,CHIMN,39.9
30/10/2019,CHIMN,40.1
31/10/2019,CHIMN,37.4
01/11/2019,CHIMN,39.2
02/11/2019,CHIMN,38.9
03/11/2019,CHIMN,40.1
04/11/2019,CHIMN,37.7
05/11/2019,CHIMN,39.7
06/11/2019,CHIMN,39.9
07/11/2019,CHIMN,41.7
08/11/2019,CHIMN,41.1
09/11/2019,CHIMN,42.6
10/11/2019,CHIMN,45.7
11/11/2019,CHIMN,43.6
12/11/2019,CHIMN,44.2
13/11/2019,CHIMN,43.1
14/11/2019,CHIMN,40.4
15/11/2019,CHIMN,42
16/11/2019,CHIMN,40.6
17/11/2019,CHIMN,44.7
18/11/2019,CHIMN,41.9
19/11/2019,CHIMN,40.8
20/11/2019,CHIMN,43.2
21/11/2019,CHIMN,39.1
22/11/2019,CHIMN,39.6
23/11/2019,CHIMN,37.7
24/11/2019,CHIMN,43.8
25/11/2019,CHIMN,42
26/11/2019,CHIMN,42.1
27/11/2019,CHIMN,42.4
28/11/2019,CHIMN,44.6
29/11/2019,CHIMN,43.6
30/11/2019,CHIMN,40.5
01/12/2019,CHIMN,40
02/12/2019,CHIMN,42
03/12/2019,CHIMN,45.1
04/12/2019,CHIMN,54.6
05/12/2019,CHIMN,43.8
06/12/2019,CHIMN,44
07/12/2019,CHIMN,
08/12/2019,CHIMN,41.8
09/12/2019,CHIMN,42.3
10/12/2019,CHIMN,
11/12/2019,CHIMN,
12/12/2019,CHIMN,
13/12/2019,CHIMN,
14/12/2019,CHIMN,
15/12/2019,CHIMN,
16/12/2019,CHIMN,
17/12/2019,CHIMN,
18/12/2019,CHIMN,48.4
19/12/2019,CHIMN,50.5
20/12/2019,CHIMN,46.6
21/12/2019,CHIMN,49.5
22/12/2019,CHIMN,52.2
23/12/2019,CHIMN,50.3
24/12/2019,CHIMN,43.9
25/12/2019,CHIMN,44.7
26/12/2019,CHIMN,48.4
27/12/2019,CHIMN,47.2
28/12/2019,CHIMN,48.1
29/12/2019,CHIMN,49
30/12/2019,CHIMN,49.5
31/12/2019,CHIMN,46.4
