file-timestamp,2022-10-11T11:47:20,
station-id,SP00/62,
station-name,AMPNEY CRUCIS,
data-type-id,sgi,
data-type-name,Standardised Groundwater Index,
reference-period,Full available time series,
distribution,NA,
month,sgi,GW levels (mAOD)
1959-01,0.375,100.4875
1959-02,0.687,100.8931
1959-03,-0.898,98.8326
1959-04,-0.547,99.2889
1959-05,0.547,100.7111
1959-06,0.375,100.4875
1959-07,0.135,100.1755
1959-08,-0.174,99.7738
1959-09,-0.402,99.4774
1959-10,-0.876,98.8612
1959-11,-1.309,98.2983
1959-12,-1.318,98.2866
1960-01,1.02,101.326
1960-02,1.87,102.431
1960-03,0.898,101.1674
1960-04,-0.253,99.6711
1960-05,0.019,100.0247
1960-06,-0.293,99.6191
1960-07,-0.253,99.6711
1960-08,0.334,100.4342
1960-09,1.676,102.1788
1960-10,1.856,102.4128
1960-11,2.148,102.7924
1960-12,1.418,101.8434
1961-01,0.502,100.6526
1961-02,0.639,100.8307
1961-03,0.639,100.8307
1961-04,-0.687,99.1069
1961-05,1.683,102.1879
1961-06,0.639,100.8307
1961-07,0.174,100.2262
1961-08,-0.058,99.9246
1961-09,-0.078,99.8986
1961-10,-0.475,99.3825
1961-11,-0.712,99.0744
1961-12,-1.078,98.5986
1962-01,-0.687,99.1069
1962-02,0.502,100.6526
1962-03,-0.639,99.1693
1962-04,-1.542,97.9954
1962-05,-0.058,99.9246
1962-06,-0.459,99.4033
1962-07,-0.459,99.4033
1962-08,-0.898,98.8326
1962-09,0.039,100.0507
1962-10,0.06,100.078
1962-11,-0.345,99.5515
1962-12,-0.078,99.8986
1963-01,-0.502,99.3474
1963-02,-1.542,97.9954
1963-03,-1.87,97.569
1963-04,1.02,101.326
1963-05,1.239,101.6107
1963-06,0.214,100.2782
1963-07,0.253,100.3289
1963-08,1.426,101.8538
1963-09,0.831,101.0803
1963-10,0.566,100.7358
1963-11,-0.303,99.6061
1963-12,0.947,101.2311
1964-01,-0.736,99.0432
1964-02,-1.426,98.1462
1964-03,-1.683,97.8121
1964-04,1.426,101.8538
1964-05,0.334,100.4342
1964-06,0.019,100.0247
1964-07,0.788,101.0244
1964-08,0.639,100.8307
1964-09,0.157,100.2041
1964-10,-0.303,99.6061
1964-11,-1.068,98.6116
1964-12,-1.676,97.8212
1965-01,-2.16,97.192
1965-02,-0.135,99.8245
1965-03,-1.542,97.9954
1965-04,0.214,100.2782
1965-05,-0.417,99.4579
1965-06,-0.898,98.8326
1965-07,-0.736,99.0432
1965-08,1.02,101.326
1965-09,0.626,100.8138
1965-10,1.221,101.5873
1965-11,0.221,100.2873
1965-12,-0.237,99.6919
1966-01,1.239,101.6107
1966-02,0.174,100.2262
1966-03,1.683,102.1879
1966-04,-0.459,99.4033
1966-05,1.87,102.431
1966-06,0.957,101.2441
1966-07,0.293,100.3809
1966-08,0.058,100.0754
1966-09,0.36,100.468
1966-10,0.221,100.2873
1966-11,1,101.3
1966-12,0,100
1967-01,0.097,100.1261
1967-02,-0.174,99.7738
1967-03,1.542,102.0046
1967-04,0.253,100.3289
1967-05,-0.957,98.7559
1967-06,1.542,102.0046
1967-07,0.957,101.2441
1967-08,0.898,101.1674
1967-09,-0.278,99.6386
1967-10,-0.345,99.5515
1967-11,1.668,102.1684
1967-12,-0.039,99.9493
1968-01,-0.842,98.9054
1968-02,-0.375,99.5125
1968-03,-0.334,99.5658
1968-04,-1.426,98.1462
1968-05,-0.898,98.8326
1968-06,0.736,100.9568
1968-07,0.592,100.7696
1968-08,1.683,102.1879
1968-09,1.078,101.4014
1968-10,1.668,102.1684
1968-11,1.141,101.4833
1968-12,0.489,100.6357
1969-01,0.957,101.2441
1969-02,0.135,100.1755
1969-03,0.957,101.2441
1969-04,0.842,101.0946
1969-05,-0.293,99.6191
1969-06,1.02,101.326
1969-07,0.736,100.9568
1969-08,0.459,100.5967
1969-09,1.23,101.599
1969-10,0.303,100.3939
1969-11,-0.876,98.8612
1969-12,-0.776,98.9912
1970-01,-0.019,99.9753
1970-02,0.417,100.5421
1970-03,0.687,100.8931
1970-04,-0.058,99.9246
1970-05,0.253,100.3289
1970-06,-0.058,99.9246
1970-07,-0.502,99.3474
1970-08,-0.135,99.8245
1970-09,-0.947,98.7689
1970-10,0.52,100.676
1970-11,-0.475,99.3825
1970-12,1.15,101.495
1971-01,-0.957,98.7559
1971-02,1.426,101.8538
1971-03,-0.019,99.9753
1971-04,-0.097,99.8739
1971-05,0.058,100.0754
1971-06,-0.334,99.5658
1971-07,1.542,102.0046
1971-08,0.592,100.7696
1971-09,0.887,101.1531
1971-10,0.262,100.3406
1971-11,0.14,100.182
1971-12,-0.319,99.5853
1972-01,-1.02,98.674
1972-02,1.087,101.4131
1972-03,0.417,100.5421
1972-04,-0.135,99.8245
1972-05,-0.174,99.7738
1972-06,-0.019,99.9753
1972-07,-0.214,99.7218
1972-08,-0.788,98.9756
1972-09,-0.776,98.9912
1972-10,-1.141,98.5167
1972-11,-1.409,98.1683
1972-12,0.078,100.1014
1973-01,-0.417,99.4579
1973-02,-0.788,98.9756
1973-03,-1.087,98.5869
1973-04,-1.683,97.8121
1973-05,-1.87,97.569
1973-06,-0.957,98.7559
1973-07,-1.087,98.5869
1973-08,-0.639,99.1693
1973-09,-0.725,99.0575
1973-10,-1.068,98.6116
1973-11,-1.221,98.4127
1973-12,-1.534,98.0058
1974-01,-1.683,97.8121
1974-02,0.019,100.0247
1974-03,0.547,100.7111
1974-04,-0.019,99.9753
1974-05,-0.842,98.9054
1974-06,-1.239,98.3893
1974-07,-1.426,98.1462
1974-08,-1.087,98.5869
1974-09,-1.078,98.5986
1974-10,2.148,102.7924
1974-11,0.876,101.1388
1974-12,0.776,101.0088
1975-01,0.019,100.0247
1975-02,-0.592,99.2304
1975-03,0.293,100.3809
1975-04,1.327,101.7251
1975-05,0.687,100.8931
1975-06,0.097,100.1261
1975-07,-0.058,99.9246
1975-08,-0.097,99.8739
1975-09,-0.489,99.3643
1975-10,-0.765,99.0055
1975-11,-1.526,98.0162
1975-12,-1.863,97.5781
1976-01,-1.87,97.569
1976-02,-2.16,97.192
1976-03,-2.16,97.192
1976-04,-2.16,97.192
1976-05,-2.16,97.192
1976-06,-1.87,97.569
1976-07,-1.87,97.569
1976-08,-2.16,97.192
1976-09,-2.154,97.1998
1976-10,-2.148,97.2076
1976-11,0.613,100.7969
1976-12,0.039,100.0507
1977-01,0.547,100.7111
1977-02,0.898,101.1674
1977-03,1.87,102.431
1977-04,1.683,102.1879
1977-05,1.327,101.7251
1977-06,1.239,101.6107
1977-07,1.87,102.431
1977-08,1.542,102.0046
1977-09,1.418,101.8434
1977-10,1.141,101.4833
1977-11,0.819,101.0647
1977-12,1.318,101.7134
1978-01,-0.174,99.7738
1978-02,0.788,101.0244
1978-03,0.058,100.0754
1978-04,0.687,100.8931
1978-05,0.293,100.3809
1978-06,0.058,100.0754
1978-07,-0.019,99.9753
1978-08,0.097,100.1261
1978-09,0.579,100.7527
1978-10,0.345,100.4485
1978-11,-0.819,98.9353
1978-12,-1.23,98.401
1979-01,0.293,100.3809
1979-02,0.097,100.1261
1979-03,0.253,100.3289
1979-04,2.16,102.808
1979-05,0.788,101.0244
1979-06,1.683,102.1879
1979-07,1.02,101.326
1979-08,0.736,100.9568
1979-09,0.402,100.5226
1979-10,-0.221,99.7127
1979-11,-0.936,98.7832
1979-12,-0.947,98.7689
1980-01,0.214,100.2782
1980-02,0.214,100.2782
1980-03,0.174,100.2262
1980-04,1.16,101.508
1980-05,0.097,100.1261
1980-06,-0.736,99.0432
1980-07,-0.639,99.1693
1980-08,-0.592,99.2304
1980-09,-0.118,99.8466
1980-10,0.876,101.1388
1980-11,0.566,100.7358
1980-12,0.278,100.3614
1981-01,-0.547,99.2889
1981-02,-0.957,98.7559
1981-03,-1.02,98.674
1981-04,1.239,101.6107
1981-05,0.736,100.9568
1981-06,1.327,101.7251
1981-07,1.426,101.8538
1981-08,0.687,100.8931
1981-09,-0.039,99.9493
1981-10,1.068,101.3884
1981-11,0.765,100.9945
1981-12,1.01,101.313
1982-01,1.683,102.1879
1982-02,1.683,102.1879
1982-03,1.327,101.7251
1982-04,0.459,100.5967
1982-05,-0.334,99.5658
1982-06,-0.842,98.9054
1982-07,-0.547,99.2889
1982-08,0.842,101.0946
1982-12,2.154,102.8002
1983-01,1.426,101.8538
1983-02,0.736,100.9568
1983-03,-0.375,99.5125
1983-04,0.174,100.2262
1983-05,2.16,102.808
1983-06,2.16,102.808
1983-07,1.239,101.6107
1983-08,1.239,101.6107
1983-09,0,100
1983-10,-0.262,99.6594
1983-11,-0.02,99.974
1983-12,-0.725,99.0575
1984-01,-0.375,99.5125
1984-02,0.459,100.5967
1984-03,-0.459,99.4033
1984-04,-1.239,98.3893
1984-05,-1.16,98.492
1984-06,-1.426,98.1462
1984-07,-1.542,97.9954
1984-08,-1.542,97.9954
1984-09,-1.534,98.0058
1984-10,-0.566,99.2642
1984-11,-0.221,99.7127
1984-12,0.674,100.8762
1985-01,0.058,100.0754
1985-02,0.334,100.4342
1985-03,-0.097,99.8739
1985-04,-0.502,99.3474
1985-05,0.502,100.6526
1985-06,0.135,100.1755
1985-07,1.683,102.1879
1985-08,1.327,101.7251
1985-09,1.534,101.9942
1985-10,1,101.3
1985-11,0.303,100.3939
1985-12,-0.831,98.9197
1986-01,0.592,100.7696
1986-02,-0.293,99.6191
1986-03,-0.592,99.2304
1986-04,-0.417,99.4579
1986-05,1.02,101.326
1986-06,1.087,101.4131
1986-07,0.375,100.4875
1986-08,-0.253,99.6711
1986-09,0.278,100.3614
1986-10,-0.1,99.87
1986-11,-0.06,99.922
1986-12,0.626,100.8138
1987-01,-0.334,99.5658
1987-02,-1.16,98.492
1987-03,-0.788,98.9756
1987-04,0.502,100.6526
1987-05,0.592,100.7696
1987-06,-0.097,99.8739
1987-07,-0.174,99.7738
1987-08,0.135,100.1755
1987-09,-0.319,99.5853
1987-10,-0.662,99.1394
1987-11,0.662,100.8606
1987-12,0.402,100.5226
1988-01,-0.214,99.7218
1988-02,0.957,101.2441
1988-03,-0.214,99.7218
1988-04,0.639,100.8307
1988-05,-0.547,99.2889
1988-06,-1.087,98.5869
1988-07,-1.327,98.2749
1988-08,-0.459,99.4033
1988-09,0.197,100.2561
1988-10,0.765,100.9945
1988-11,0.1,100.13
1988-12,-0.626,99.1862
1989-01,-1.542,97.9954
1989-02,-1.683,97.8121
1989-03,-0.058,99.9246
1989-04,0.547,100.7111
1989-05,0.898,101.1674
1989-06,-0.253,99.6711
1989-07,-0.957,98.7559
1989-08,-1.239,98.3893
1989-09,-1.318,98.2866
1989-10,-1.526,98.0162
1989-11,-0.1,99.87
1989-12,-0.278,99.6386
1990-01,-0.592,99.2304
1990-02,1.02,101.326
1990-03,0.788,101.0244
1990-04,-0.842,98.9054
1990-05,-1.426,98.1462
1990-06,-2.16,97.192
1990-07,-2.16,97.192
1990-08,-1.87,97.569
1990-09,-1.863,97.5781
1990-10,-1.856,97.5872
1990-11,-2.148,97.2076
1990-12,-2.154,97.1998
1991-01,-1.16,98.492
1991-02,-0.687,99.1069
1991-03,-0.253,99.6711
1991-04,0.417,100.5421
1991-05,-0.592,99.2304
1991-06,-0.214,99.7218
1991-07,0.019,100.0247
1991-08,-0.214,99.7218
1991-09,-0.533,99.3071
1991-10,-0.712,99.0744
1991-11,0.02,100.026
1991-12,-0.157,99.7959
1992-01,-0.639,99.1693
1992-02,-1.087,98.5869
1992-03,-0.957,98.7559
1992-04,-1.02,98.674
1992-05,-0.214,99.7218
1992-06,-0.417,99.4579
1992-07,-0.592,99.2304
1992-08,-0.502,99.3474
1992-09,1.15,101.495
1992-10,1.309,101.7017
1992-11,0.936,101.2168
1992-12,1.078,101.4014
1993-01,0.459,100.5967
1993-02,-0.417,99.4579
1993-03,-1.16,98.492
1993-04,-1.87,97.569
1993-05,-0.639,99.1693
1993-06,0.253,100.3289
1993-07,1.327,101.7251
1993-08,0.502,100.6526
1993-09,-0.197,99.7439
1993-10,-0.18,99.766
1993-11,0.712,100.9256
1993-12,-0.402,99.4774
1994-01,0.898,101.1674
1994-02,-0.253,99.6711
1994-03,0.592,100.7696
1994-04,0.058,100.0754
1994-05,0.417,100.5421
1994-06,0.417,100.5421
1994-07,0.097,100.1261
1994-08,-0.736,99.0432
1994-09,-1.01,98.687
1994-10,-0.819,98.9353
1994-11,-0.765,99.0055
1994-12,-0.36,99.532
1995-01,0.417,100.5421
1995-02,1.327,101.7251
1995-03,1.02,101.326
1995-04,-0.214,99.7218
1995-05,-0.736,99.0432
1995-06,-1.683,97.8121
1995-07,-1.683,97.8121
1995-08,-1.683,97.8121
1995-09,-1.676,97.8212
1995-10,-1.668,97.8316
1995-11,-1,98.7
1995-12,-0.445,99.4215
1996-01,0.174,100.2262
1996-02,-0.736,99.0432
1996-03,-0.293,99.6191
1996-04,0.375,100.4875
1996-05,0.135,100.1755
1996-06,-0.375,99.5125
1996-07,-0.842,98.9054
1996-08,-1.426,98.1462
1996-09,-1.23,98.401
1996-10,-1.409,98.1683
1996-11,-1.668,97.8316
1996-12,-1.01,98.687
1997-01,-1.327,98.2749
1997-02,-1.87,97.569
1997-03,1.087,101.4131
1997-04,-0.788,98.9756
1997-05,-1.542,97.9954
1997-06,-1.02,98.674
1997-07,-1.239,98.3893
1997-08,-1.327,98.2749
1997-09,-0.831,98.9197
1997-10,-0.431,99.4397
1997-11,-0.14,99.818
1997-12,0.579,100.7527
1998-01,0.788,101.0244
1998-02,-0.459,99.4033
1998-03,-1.327,98.2749
1998-04,-0.174,99.7738
1998-05,1.426,101.8538
1998-06,0.334,100.4342
1998-07,-0.097,99.8739
1998-08,-0.842,98.9054
1998-09,-0.887,98.8469
1998-10,-0.52,99.324
1998-11,1.221,101.5873
1998-12,0.237,100.3081
1999-01,0.842,101.0946
1999-02,0.547,100.7111
1999-03,-0.687,99.1069
1999-04,-0.639,99.1693
1999-05,0.639,100.8307
1999-06,0.788,101.0244
1999-07,0.687,100.8931
1999-08,0.253,100.3289
1999-09,-0.157,99.7959
1999-10,0.613,100.7969
1999-11,0.52,100.676
1999-12,-0.197,99.7439
2000-01,0.135,100.1755
2000-02,-0.639,99.1693
2000-03,-0.174,99.7738
2000-04,-0.334,99.5658
2000-05,1.16,101.508
2000-06,0.898,101.1674
2000-07,0.459,100.5967
2000-08,0.214,100.2782
2000-09,-0.36,99.532
2000-10,0.712,100.9256
2000-11,1.526,101.9838
2000-12,1.23,101.599
2001-01,0.334,100.4342
2001-02,-0.097,99.8739
2001-03,-0.547,99.2889
2001-04,1.087,101.4131
2001-05,1.542,102.0046
2001-06,0.687,100.8931
2001-07,0.214,100.2782
2001-08,-0.019,99.9753
2001-09,-0.674,99.1238
2001-10,-1.221,98.4127
2001-11,0.06,100.078
2001-12,-0.579,99.2473
2002-01,-1.239,98.3893
2002-02,-0.547,99.2889
2002-03,0.736,100.9568
2002-04,0.788,101.0244
2002-05,-0.459,99.4033
2002-06,-0.174,99.7738
2002-07,-0.293,99.6191
2002-08,-0.375,99.5125
2002-09,-0.445,99.4215
2002-10,-0.936,98.7832
2002-11,0.475,100.6175
2002-12,0.887,101.1531
2003-01,1.087,101.4131
2003-02,-0.019,99.9753
2003-03,-0.502,99.3474
2003-04,-0.592,99.2304
2003-05,-1.327,98.2749
2003-06,-1.16,98.492
2003-07,-1.16,98.492
2003-08,-1.02,98.674
2003-09,-1.15,98.505
2003-10,-1.309,98.2983
2003-11,-1.856,97.5872
2003-12,-1.15,98.505
2004-01,-0.253,99.6711
2004-02,0.592,100.7696
2004-03,-0.417,99.4579
2004-04,0.019,100.0247
2004-05,0.375,100.4875
2004-06,0.592,100.7696
2004-07,0.058,100.0754
2004-08,-0.417,99.4579
2004-09,0.947,101.2311
2004-10,0.662,100.8606
2004-11,1.409,101.8317
2004-12,0.197,100.2561
2005-01,-0.293,99.6191
2005-02,-1.239,98.3893
2005-03,-1.426,98.1462
2005-04,-0.898,98.8326
2005-05,0.174,100.2262
2005-06,0.174,100.2262
2005-07,-0.417,99.4579
2005-08,-0.547,99.2889
2005-09,-0.626,99.1862
2005-10,-1,98.7
2005-11,-0.387,99.4969
2005-12,-0.118,99.8466
2006-01,-0.788,98.9756
2006-02,-1.327,98.2749
2006-03,-1.239,98.3893
2006-04,-1.087,98.5869
2006-05,-0.019,99.9753
2006-06,1.426,101.8538
2006-07,0.639,100.8307
2006-08,0.293,100.3809
2006-09,-0.237,99.6919
2006-10,-0.387,99.4969
2006-11,-0.18,99.766
2006-12,0.533,100.6929
2007-01,0.639,100.8307
2007-02,-0.058,99.9246
2007-03,1.426,101.8538
2007-04,-0.375,99.5125
2007-05,-1.02,98.674
2007-06,-0.135,99.8245
2007-07,0.417,100.5421
2007-08,2.16,102.808
2007-09,1.863,102.4219
2007-10,0.819,101.0647
2007-11,0.262,100.3406
2007-12,0.36,100.468
2008-01,-0.097,99.8739
2008-02,0.253,100.3289
2008-03,-0.736,99.0432
2008-04,0.592,100.7696
2008-05,-0.375,99.5125
2008-06,0.502,100.6526
2008-07,0.898,101.1674
2008-08,1.16,101.508
2008-09,1.318,101.7134
2008-10,1.526,101.9838
2008-11,0.345,100.4485
2008-12,0.157,100.2041
2009-01,-0.459,99.4033
2009-02,0.058,100.0754
2009-03,0.334,100.4342
2009-04,-1.16,98.492
2009-05,-1.683,97.8121
2009-06,-1.542,97.9954
2009-07,-1.02,98.674
2009-08,-0.687,99.1069
2009-09,0.533,100.6929
2009-10,0.02,100.026
2009-11,-0.613,99.2031
2009-12,1.676,102.1788
2010-01,-0.058,99.9246
2010-02,0.375,100.4875
2010-03,0.135,100.1755
2010-04,0.736,100.9568
2010-05,0.214,100.2782
2010-06,-0.547,99.2889
2010-07,-0.687,99.1069
2010-08,-0.334,99.5658
2010-09,0.445,100.5785
2010-10,0.14,100.182
2010-11,-0.262,99.6594
2010-12,-0.489,99.3643
2011-01,-1.426,98.1462
2011-02,-0.502,99.3474
2011-03,0.502,100.6526
2011-04,-0.736,99.0432
2011-05,-1.239,98.3893
2011-06,-1.327,98.2749
2011-07,-0.898,98.8326
2011-08,-0.957,98.7559
2011-09,-0.579,99.2473
2011-10,-0.613,99.2031
2011-11,-1.141,98.5167
2011-12,-1.418,98.1566
2012-01,-1.087,98.5869
2012-02,-0.842,98.9054
2012-03,-0.842,98.9054
2012-04,-1.327,98.2749
2012-05,0.459,100.5967
2012-06,1.16,101.508
2012-07,2.16,102.808
2012-08,1.87,102.431
2012-09,2.154,102.8002
2012-10,1.409,101.8317
2012-11,1.068,101.3884
2012-12,1.863,102.4219
2013-01,1.87,102.431
2013-02,1.239,101.6107
2013-03,0.097,100.1261
2013-04,0.957,101.2441
2013-05,-0.097,99.8739
2013-06,0.293,100.3809
2013-07,0.334,100.4342
2013-08,0.375,100.4875
2013-09,0.237,100.3081
2013-10,-0.06,99.922
2013-11,0.431,100.5603
2013-12,0.118,100.1534
2014-01,1.327,101.7251
2014-02,1.542,102.0046
2014-03,1.239,101.6107
2014-04,-0.293,99.6191
2014-05,0.842,101.0946
2014-06,0.547,100.7111
2014-07,0.547,100.7111
2014-08,0.547,100.7111
2014-09,0.674,100.8762
2014-10,0.431,100.5603
2014-11,0.18,100.234
2014-12,0.445,100.5785
2015-01,-0.135,99.8245
2015-02,-0.214,99.7218
2015-03,0.459,100.5967
2015-04,-0.957,98.7559
2015-05,-1.087,98.5869
2015-06,-0.687,99.1069
2015-07,-0.334,99.5658
2015-08,0.019,100.0247
2015-09,0.078,100.1014
2015-10,0.1,100.13
2015-11,-0.566,99.2642
2015-12,0.831,101.0803
2016-01,1.542,102.0046
2016-02,1.16,101.508
2016-03,0.375,100.4875
2016-04,1.542,102.0046
2016-05,0.957,101.2441
2016-06,0.842,101.0946
2016-07,1.087,101.4131
2016-08,1.087,101.4131
2016-09,0.776,101.0088
2016-10,0.387,100.5031
2016-11,-0.52,99.324
2016-12,0.319,100.4147
2017-01,-0.898,98.8326
2017-02,-0.334,99.5658
2017-03,0.214,100.2782
2017-04,0.135,100.1755
2017-05,-0.687,99.1069
2017-06,-0.639,99.1693
2017-07,-0.135,99.8245
2017-08,0.174,100.2262
2017-09,0.118,100.1534
2017-10,-0.14,99.818
2017-11,-0.431,99.4397
2017-12,-0.533,99.3071
2018-01,1.16,101.508
2018-02,0.842,101.0946
2018-03,0.019,100.0247
2018-04,1.87,102.431
2018-05,1.087,101.4131
2018-06,0.459,100.5967
2018-07,0.502,100.6526
2018-08,0.417,100.5421
2018-09,0.319,100.4147
2018-10,-0.02,99.974
2018-11,-0.662,99.1394
2018-12,-0.887,98.8469
2019-01,0.253,100.3289
2019-02,-1.02,98.674
2019-03,-0.135,99.8245
2019-04,0.334,100.4342
2019-05,-0.253,99.6711
2019-06,-0.502,99.3474
2019-07,1.16,101.508
2019-08,0.957,101.2441
2019-09,1.01,101.313
2019-10,0.936,101.2168
2019-11,1.856,102.4128
2019-12,1.534,101.9942
2020-01,0.736,100.9568
2020-02,0.293,100.3809
2020-03,2.16,102.808
2020-04,0.898,101.1674
2020-05,-0.135,99.8245
2020-06,-0.592,99.2304
2020-07,-0.375,99.5125
2020-08,-0.293,99.6191
2020-09,0.725,100.9425
2020-10,0.18,100.234
2020-11,1.309,101.7017
2020-12,0.725,100.9425
2021-01,2.16,102.808
2021-02,2.16,102.808
2021-03,1.16,101.508
2021-04,0.293,100.3809
2021-05,-0.502,99.3474
2021-06,1.87,102.431
2021-07,0.842,101.0946
2021-08,0.788,101.0244
2021-09,0.489,100.6357
2021-10,0.475,100.6175
2021-11,0.387,100.5031
2021-12,-0.674,99.1238
2022-01,0.687,100.8931
2022-02,-0.898,98.8326
2022-03,0.842,101.0946
2022-04,0.097,100.1261
2022-05,-0.788,98.9756
2022-06,-0.788,98.9756
2022-07,-0.788,98.9756
2022-08,-1.16,98.492
2022-09,-1.418,98.1566
